Workbook

Sheet Run 1 Gen 1 
A1: Run 1 Gen 1
B4: Cycle | C4: Operating Hour | D4: Operating Hour Cumulative Gen 1 | E4: CO₂In during adsorption | M4: CO₂Out during adsorption | Q4: CO₂ Captured | Z4: CO₂Regen during steaming
E5: Q (Nm³/h) | F5: C (vol%) | I5: T (min) | J5: CO₂ (kg) | M5: Q (Nm³/h) | N5: C (vol%) | O5: T (min) | P5: CO₂ (kg) | Q5: CO₂ Captured Run 1 Gen 1 | T5: CO₂ Captured Run 1 Gen 1 Cumulative (Kg) | W5: % Captured | Z5: Q (Nm³/h) | AA5: C (vol%) | AB5: T (min) | AC5: CO₂ (kg) | AD5: CO2 Recovery Run 1 Gen 1 Cumulative (Kg) | AE5: % Recovery
F6: 10.1 | G6: 14.9 | H6: 17.1 | J6: 10.1 | K6: 14.9 | L6: 17.1 | Q6: 10.1 | R6: 14.9 | S6: 17.1 | T6: 10.1 | U6: 14.9 | V6: 17.1 | W6: 10.1 | X6: 14.9 | Y6: 17.1 | AE6: 10.1 | AF6: 14.9 | AG6: 17.1
A7: 45903 | B7: 1 | C7: 0.27916667 | D7: =C7 -> 0.27916667 | E7: 18.08 | F7: 10.1 | G7: 14.9 | H7: 17.1 | I7: 48 | J7: =E7*F7*1.84*(I7/60)*0.01 -> 2.6879898 | K7: =E7*G7*1.84*(I7/60)*0.01 -> 3.9654502 | L7: =E7*H7*1.84*(I7/60)*0.01 -> 4.550953 | M7: 15 | N7: 0.0005 | O7: 48 | P7: =M7*N7*1.84*(O7/60)*0.01 -> 0.0001104 | Q7: =IFERROR(J7-$P7,0) -> 2.6878794 | R7: =IFERROR(K7-$P7,0) -> 3.9653398 | S7: =IFERROR(L7-$P7,0) -> 4.5508426 | T7: =Q7 -> 2.6878794 | U7: =R7 -> 3.9653398 | V7: =S7 -> 4.5508426 | W7: =IFERROR(ROUND(Q7/J7*100,2),0) -> 100 | X7: =IFERROR(ROUND(R7/K7*100,2),0) -> 100 | Y7: =IFERROR(ROUND(S7/L7*100,2),0) -> 100 | Z7: 0.20002732 | AA7: 53.88 | AB7: 61 | AC7: =Z7*AA7*1.84*(AB7/60)*0.01 -> 0.20161058 | AD7: =AC7 -> 0.20161058 | AE7: =IFERROR(ROUND($AC7/Q7*100,2),0) -> 7.5 | AF7: =IFERROR(ROUND($AC7/R7*100,2),0) -> 5.08 | AG7: =IFERROR(ROUND($AC7/S7*100,2),0) -> 4.43
A8: 45905 | B8: 2 | C8: 0.33472222 | D8: =C8+D7 -> 0.61388889 | E8: 15.32 | F8: 10.1 | G8: 14.9 | H8: 17.1 | I8: 141 | J8: =E8*F8*1.84*(I8/60)*0.01 -> 6.6906117 | K8: =E8*G8*1.84*(I8/60)*0.01 -> 9.8703083 | L8: =E8*H8*1.84*(I8/60)*0.01 -> 11.327669 | M8: 15 | N8: 0.00015898585 | O8: 141 | P8: =M8*N8*1.84*(O8/60)*0.01 -> 0.00010311822 | Q8: =IFERROR(J8-$P8,0) -> 6.6905086 | R8: =IFERROR(K8-$P8,0) -> 9.8702052 | S8: =IFERROR(L8-$P8,0) -> 11.327566 | T8: =Q8+T7 -> 9.3783879 | U8: =R8+U7 -> 13.835545 | V8: =S8+V7 -> 15.878409 | W8: =IFERROR(ROUND(Q8/J8*100,2),0) -> 100 | X8: =IFERROR(ROUND(R8/K8*100,2),0) -> 100 | Y8: =IFERROR(ROUND(S8/L8*100,2),0) -> 100 | Z8: 0.20002732 | AA8: 53.88 | AB8: 61 | AC8: =Z8*AA8*1.84*(AB8/60)*0.01 -> 0.20161058 | AD8: =AC8+AD7 -> 0.40322116 | AE8: =IFERROR(ROUND($AC8/Q8*100,2),0) -> 3.01 | AF8: =IFERROR(ROUND($AC8/R8*100,2),0) -> 2.04 | AG8: =IFERROR(ROUND($AC8/S8*100,2),0) -> 1.78
A9: 45908 | B9: 3 | C9: 0.24722222 | D9: =C9+D8 -> 0.86111111 | E9: 16.68 | F9: 10.1 | G9: 14.9 | H9: 17.1 | I9: 92 | J9: =E9*F9*1.84*(I9/60)*0.01 -> 4.7530438 | K9: =E9*G9*1.84*(I9/60)*0.01 -> 7.0119162 | L9: =E9*H9*1.84*(I9/60)*0.01 -> 8.0472326 | M9: 15 | N9: 0.0016 | O9: 92 | P9: =M9*N9*1.84*(O9/60)*0.01 -> 0.00067712 | Q9: =IFERROR(J9-$P9,0) -> 4.7523667 | R9: =IFERROR(K9-$P9,0) -> 7.011239 | S9: =IFERROR(L9-$P9,0) -> 8.0465555 | T9: =Q9+T8 -> 14.130755 | U9: =R9+U8 -> 20.846784 | V9: =S9+V8 -> 23.924964 | W9: =IFERROR(ROUND(Q9/J9*100,2),0) -> 99.99 | X9: =IFERROR(ROUND(R9/K9*100,2),0) -> 99.99 | Y9: =IFERROR(ROUND(S9/L9*100,2),0) -> 99.99 | Z9: 0.5 | AA9: 53.88 | AB9: 58.5 | AC9: =Z9*AA9*1.84*(AB9/60)*0.01 -> 0.4833036 | AD9: =AC9+AD8 -> 0.88652476 | AE9: =IFERROR(ROUND($AC9/Q9*100,2),0) -> 10.17 | AF9: =IFERROR(ROUND($AC9/R9*100,2),0) -> 6.89 | AG9: =IFERROR(ROUND($AC9/S9*100,2),0) -> 6.01
A10: 45909 | B10: 4 | C10: 0.28055556 | D10: =C10+D9 -> 1.1416667 | E10: 16.57 | F10: 10.1 | G10: 14.9 | H10: 17.1 | I10: 107.16667 | J10: =E10*F10*1.84*(I10/60)*0.01 -> 5.5000948 | K10: =E10*G10*1.84*(I10/60)*0.01 -> 8.1140013 | L10: =E10*H10*1.84*(I10/60)*0.01 -> 9.3120417 | M10: 15 | N10: 0.00059543478 | O10: 107.16667 | P10: =M10*N10*1.84*(O10/60)*0.01 -> 0.0002935295 | Q10: =IFERROR(J10-$P10,0) -> 5.4998013 | R10: =IFERROR(K10-$P10,0) -> 8.1137078 | S10: =IFERROR(L10-$P10,0) -> 9.3117482 | T10: =Q10+T9 -> 19.630556 | U10: =R10+U9 -> 28.960492 | V10: =S10+V9 -> 33.236712 | W10: =IFERROR(ROUND(Q10/J10*100,2),0) -> 99.99 | X10: =IFERROR(ROUND(R10/K10*100,2),0) -> 100 | Y10: =IFERROR(ROUND(S10/L10*100,2),0) -> 100 | Z10: 0.45699454 | AA10: 53.88 | AB10: 61 | AC10: =ROUND(Z10*AA10*1.84*(AB10/60)*0.01,2) -> 0.46 | AD10: =AC10+AD9 -> 1.3465248 | AE10: =IFERROR(ROUND($AC10/Q10*100,2),0) -> 8.36 | AF10: =IFERROR(ROUND($AC10/R10*100,2),0) -> 5.67 | AG10: =IFERROR(ROUND($AC10/S10*100,2),0) -> 4.94
A11: 45911 | B11: 5 | C11: 0.27222222 | D11: =C11+D10 -> 1.4138889 | E11: 16.08 | F11: 10.1 | G11: 14.9 | H11: 17.1 | I11: 292 | J11: =E11*F11*1.84*(I11/60)*0.01 -> 14.543095 | K11: =E11*G11*1.84*(I11/60)*0.01 -> 21.454665 | L11: =E11*H11*1.84*(I11/60)*0.01 -> 24.622468 | M11: 5 | N11: 0.0005 | O11: 292 | P11: =M11*N11*1.84*(O11/60)*0.01 -> 0.00022386667 | Q11: =IFERROR(J11-$P11,0) -> 14.542871 | R11: =IFERROR(K11-$P11,0) -> 21.454441 | S11: =IFERROR(L11-$P11,0) -> 24.622244 | T11: =Q11+T10 -> 34.173427 | U11: =R11+U10 -> 50.414933 | V11: =S11+V10 -> 57.858956 | W11: =IFERROR(ROUND(Q11/J11*100,2),0) -> 100 | X11: =IFERROR(ROUND(R11/K11*100,2),0) -> 100 | Y11: =IFERROR(ROUND(S11/L11*100,2),0) -> 100 | Z11: - | AA11: - | AB11: - | AC11: 0 | AD11: =AC11+AD10 -> 1.3465248
A12: 45912 | B12: 6 | C12: 0.22152778 | D12: =C12+D11 -> 1.6354167 | E12: 26.75 | F12: 10.1 | G12: 14.9 | H12: 17.1 | I12: 44.833333 | J12: =E12*F12*1.84*(I12/60)*0.01 -> 3.7146061 | K12: =E12*G12*1.84*(I12/60)*0.01 -> 5.4799634 | L12: =E12*H12*1.84*(I12/60)*0.01 -> 6.2890855 | M12: 15 | N12: 4.0222222e-05 | O12: 44.833333 | P12: =M12*N12*1.84*(O12/60)*0.01 -> 8.295163e-06 | Q12: =IFERROR(J12-$P12,0) -> 3.7145978 | R12: =IFERROR(K12-$P12,0) -> 5.4799551 | S12: =IFERROR(L12-$P12,0) -> 6.2890772 | T12: =Q12+T11 -> 37.888025 | U12: =R12+U11 -> 55.894888 | V12: =S12+V11 -> 64.148034 | W12: =IFERROR(ROUND(Q12/J12*100,2),0) -> 100 | X12: =IFERROR(ROUND(R12/K12*100,2),0) -> 100 | Y12: =IFERROR(ROUND(S12/L12*100,2),0) -> 100 | Z12: 1.0832895 | AA12: 53.88 | AB12: 76 | AC12: =ROUND(Z12*AA12*1.84*(AB12/60)*0.01,2) -> 1.36 | AD12: =AC12+AD11 -> 2.7065248 | AE12: =IFERROR(ROUND($AC12/Q12*100,2),0) -> 36.61 | AF12: =IFERROR(ROUND($AC12/R12*100,2),0) -> 24.82 | AG12: =IFERROR(ROUND($AC12/S12*100,2),0) -> 21.62
A13: 45915 | B13: 7 | C13: 0.29652778 | D13: =C13+D12 -> 1.9319444 | E13: - | F13: 10.1 | G13: 14.9 | H13: 17.1 | I13: - | J13: - | K13: - | L13: - | M13: - | N13: - | O13: - | P13: - | Q13: =IFERROR(J13-$P13,0) -> 0 | R13: =IFERROR(K13-$P13,0) -> 0 | S13: =IFERROR(L13-$P13,0) -> 0 | T13: =Q13+T12 -> 37.888025 | U13: =R13+U12 -> 55.894888 | V13: =S13+V12 -> 64.148034 | Z13: 1.34 | AA13: 53.88 | AB13: 60.833333 | AC13: =ROUND(Z13*AA13*1.84*(AB13/60)*0.01,2) -> 1.35 | AD13: =AC13+AD12 -> 4.0565248
A14: 45916 | B14: 8 | C14: 0.27222222 | D14: =C14+D13 -> 2.2041667 | E14: 25.379024 | F14: 10.1 | G14: 14.9 | H14: 17.1 | I14: 68.166667 | J14: =E14*F14*1.84*(I14/60)*0.01 -> 5.3583975 | K14: =E14*G14*1.84*(I14/60)*0.01 -> 7.9049626 | L14: =E14*H14*1.84*(I14/60)*0.01 -> 9.0721383 | M14: 10.487805 | N14: 0.00069787805 | O14: 68.166667 | P14: =M14*N14*1.84*(O14/60)*0.01 -> 0.00015300399 | Q14: =IFERROR(J14-$P14,0) -> 5.3582445 | R14: =IFERROR(K14-$P14,0) -> 7.9048096 | S14: =IFERROR(L14-$P14,0) -> 9.0719853 | T14: =Q14+T13 -> 43.246269 | U14: =R14+U13 -> 63.799698 | V14: =S14+V13 -> 73.220019 | W14: =IFERROR(ROUND(Q14/J14*100,2),0) -> 100 | X14: =IFERROR(ROUND(R14/K14*100,2),0) -> 100 | Y14: =IFERROR(ROUND(S14/L14*100,2),0) -> 100 | Z14: 1.3312568 | AA14: 53.88 | AB14: 61 | AC14: =ROUND(Z14*AA14*1.84*(AB14/60)*0.01,2) -> 1.34 | AD14: =AC14+AD13 -> 5.3965248 | AE14: =IFERROR(ROUND($AC14/Q14*100,2),0) -> 25.01 | AF14: =IFERROR(ROUND($AC14/R14*100,2),0) -> 16.95 | AG14: =IFERROR(ROUND($AC14/S14*100,2),0) -> 14.77
A15: 45922 | B15: 9 | C15: 0.24791667 | D15: =C15+D14 -> 2.4520833 | E15: 18.865612 | F15: 10.1 | G15: 14.9 | H15: 17.1 | I15: 78.833333 | J15: =E15*F15*1.84*(I15/60)*0.01 -> 4.6064751 | K15: =E15*G15*1.84*(I15/60)*0.01 -> 6.795691 | L15: =E15*H15*1.84*(I15/60)*0.01 -> 7.7990817 | M15: 12.860759 | N15: 0.00074373418 | O15: 78.833333 | P15: =M15*N15*1.84*(O15/60)*0.01 -> 0.00023123886 | Q15: =IFERROR(J15-$P15,0) -> 4.6062439 | R15: =IFERROR(K15-$P15,0) -> 6.7954598 | S15: =IFERROR(L15-$P15,0) -> 7.7988504 | T15: =Q15+T14 -> 47.852513 | U15: =R15+U14 -> 70.595157 | V15: =S15+V14 -> 81.018869 | W15: =IFERROR(ROUND(Q15/J15*100,2),0) -> 99.99 | X15: =IFERROR(ROUND(R15/K15*100,2),0) -> 100 | Y15: =IFERROR(ROUND(S15/L15*100,2),0) -> 100 | Z15: 0.98292683 | AA15: 53.88 | AB15: 41 | AC15: =ROUND(Z15*AA15*1.84*(AB15/60)*0.01,2) -> 0.67 | AD15: =AC15+AD14 -> 6.0665248 | AE15: =IFERROR(ROUND($AC15/Q15*100,2),0) -> 14.55 | AF15: =IFERROR(ROUND($AC15/R15*100,2),0) -> 9.86 | AG15: =IFERROR(ROUND($AC15/S15*100,2),0) -> 8.59
A16: 45924 | B16: 10 | C16: 0.25416667 | D16: =C16+D15 -> 2.70625 | E16: 19.039614 | F16: 10.1 | G16: 14.9 | H16: 17.1 | I16: 68.833333 | J16: =E16*F16*1.84*(I16/60)*0.01 -> 4.0592414 | K16: =E16*G16*1.84*(I16/60)*0.01 -> 5.9883858 | L16: =E16*H16*1.84*(I16/60)*0.01 -> 6.872577 | M16: 8.1698068 | N16: 0.0027598068 | O16: 68.833333 | P16: =M16*N16*1.84*(O16/60)*0.01 -> 0.00047594397 | Q16: =IFERROR(J16-$P16,0) -> 4.0587654 | R16: =IFERROR(K16-$P16,0) -> 5.9879098 | S16: =IFERROR(L16-$P16,0) -> 6.872101 | T16: =Q16+T15 -> 51.911279 | U16: =R16+U15 -> 76.583067 | V16: =S16+V15 -> 87.89097 | W16: =IFERROR(ROUND(Q16/J16*100,2),0) -> 99.99 | X16: =IFERROR(ROUND(R16/K16*100,2),0) -> 99.99 | Y16: =IFERROR(ROUND(S16/L16*100,2),0) -> 99.99 | Z16: 0.35327869 | AA16: 53.88 | AB16: 61 | AC16: =ROUND(Z16*AA16*1.84*(AB16/60)*0.01,2) -> 0.36 | AD16: =AC16+AD15 -> 6.4265248 | AE16: =IFERROR(ROUND($AC16/Q16*100,2),0) -> 8.87 | AF16: =IFERROR(ROUND($AC16/R16*100,2),0) -> 6.01 | AG16: =IFERROR(ROUND($AC16/S16*100,2),0) -> 5.24
A17: 45925 | B17: 11 | C17: 0.22361111 | D17: =C17+D16 -> 2.9298611 | E17: 17.254264 | F17: 10.1 | G17: 14.9 | H17: 17.1 | I17: 64.333333 | J17: =E17*F17*1.84*(I17/60)*0.01 -> 3.4381152 | K17: =E17*G17*1.84*(I17/60)*0.01 -> 5.072071 | L17: =E17*H17*1.84*(I17/60)*0.01 -> 5.8209674 | M17: 15.471318 | N17: 0.0008803876 | O17: 64.333333 | P17: =M17*N17*1.84*(O17/60)*0.01 -> 0.00026872239 | Q17: =IFERROR(J17-$P17,0) -> 3.4378465 | R17: =IFERROR(K17-$P17,0) -> 5.0718023 | S17: =IFERROR(L17-$P17,0) -> 5.8206987 | T17: =Q17+T16 -> 55.349125 | U17: =R17+U16 -> 81.65487 | V17: =S17+V16 -> 93.711669 | W17: =IFERROR(ROUND(Q17/J17*100,2),0) -> 99.99 | X17: =IFERROR(ROUND(R17/K17*100,2),0) -> 99.99 | Y17: =IFERROR(ROUND(S17/L17*100,2),0) -> 100 | Z17: 0.61743169 | AA17: 53.88 | AB17: 61 | AC17: =ROUND(Z17*AA17*1.84*(AB17/60)*0.01,2) -> 0.62 | AD17: =AC17+AD16 -> 7.0465248 | AE17: =IFERROR(ROUND($AC17/Q17*100,2),0) -> 18.03 | AF17: =IFERROR(ROUND($AC17/R17*100,2),0) -> 12.22 | AG17: =IFERROR(ROUND($AC17/S17*100,2),0) -> 10.65
A18: 45926 | B18: 12 | C18: 0.21527778 | D18: =C18+D17 -> 3.1451389 | E18: 18.801327 | F18: 10.1 | G18: 14.9 | H18: 17.1 | I18: 75.166667 | J18: =E18*F18*1.84*(I18/60)*0.01 -> 4.377254 | K18: =E18*G18*1.84*(I18/60)*0.01 -> 6.4575332 | L18: =E18*H18*1.84*(I18/60)*0.01 -> 7.4109944 | M18: 13.846903 | N18: 0.0012424336 | O18: 75.166667 | P18: =M18*N18*1.84*(O18/60)*0.01 -> 0.00039656803 | Q18: =IFERROR(J18-$P18,0) -> 4.3768575 | R18: =IFERROR(K18-$P18,0) -> 6.4571366 | S18: =IFERROR(L18-$P18,0) -> 7.4105979 | T18: =Q18+T17 -> 59.725983 | U18: =R18+U17 -> 88.112006 | V18: =S18+V17 -> 101.12227 | W18: =IFERROR(ROUND(Q18/J18*100,2),0) -> 99.99 | X18: =IFERROR(ROUND(R18/K18*100,2),0) -> 99.99 | Y18: =IFERROR(ROUND(S18/L18*100,2),0) -> 99.99 | Z18: 0.71112022 | AA18: 53.88 | AB18: 61 | AC18: =ROUND(Z18*AA18*1.84*(AB18/60)*0.01,2) -> 0.72 | AD18: =AC18+AD17 -> 7.7665248 | AE18: =IFERROR(ROUND($AC18/Q18*100,2),0) -> 16.45 | AF18: =IFERROR(ROUND($AC18/R18*100,2),0) -> 11.15 | AG18: =IFERROR(ROUND($AC18/S18*100,2),0) -> 9.72
A19: 45929 | B19: 13 | C19: 0.25277778 | D19: =C19+D18 -> 3.3979167 | E19: 16.914676 | F19: 10.1 | G19: 14.9 | H19: 17.1 | I19: 97.5 | J19: =E19*F19*1.84*(I19/60)*0.01 -> 5.1080629 | K19: =E19*G19*1.84*(I19/60)*0.01 -> 7.5356572 | L19: =E19*H19*1.84*(I19/60)*0.01 -> 8.6483046 | M19: 8.1744027 | N19: 0.00047220137 | O19: 97.5 | P19: =M19*N19*1.84*(O19/60)*0.01 -> 0.00011541293 | Q19: =IFERROR(J19-$P19,0) -> 5.1079475 | R19: =IFERROR(K19-$P19,0) -> 7.5355418 | S19: =IFERROR(L19-$P19,0) -> 8.6481892 | T19: =Q19+T18 -> 64.83393 | U19: =R19+U18 -> 95.647548 | V19: =S19+V18 -> 109.77046 | W19: =IFERROR(ROUND(Q19/J19*100,2),0) -> 100 | X19: =IFERROR(ROUND(R19/K19*100,2),0) -> 100 | Y19: =IFERROR(ROUND(S19/L19*100,2),0) -> 100 | Z19: 0.64997268 | AA19: 53.88 | AB19: 61 | AC19: =ROUND(Z19*AA19*1.84*(AB19/60)*0.01,2) -> 0.66 | AD19: =AC19+AD18 -> 8.4265248 | AE19: =IFERROR(ROUND($AC19/Q19*100,2),0) -> 12.92 | AF19: =IFERROR(ROUND($AC19/R19*100,2),0) -> 8.76 | AG19: =IFERROR(ROUND($AC19/S19*100,2),0) -> 7.63
A20: 45930 | B20: 14 | C20: 0.27291667 | D20: =C20+D19 -> 3.6708333 | E20: 16.450639 | F20: 10.1 | G20: 14.9 | H20: 17.1 | I20: 65 | J20: =E20*F20*1.84*(I20/60)*0.01 -> 3.3119524 | K20: =E20*G20*1.84*(I20/60)*0.01 -> 4.8859496 | L20: =E20*H20*1.84*(I20/60)*0.01 -> 5.6073649 | M20: 11.693095 | N20: 0.0012670844 | O20: 65 | P20: =M20*N20*1.84*(O20/60)*0.01 -> 0.00029533501 | Q20: =IFERROR(J20-$P20,0) -> 3.3116571 | R20: =IFERROR(K20-$P20,0) -> 4.8856542 | S20: =IFERROR(L20-$P20,0) -> 5.6070696 | T20: =Q20+T19 -> 68.145587 | U20: =R20+U19 -> 100.5332 | V20: =S20+V19 -> 115.37753 | W20: =IFERROR(ROUND(Q20/J20*100,2),0) -> 99.99 | X20: =IFERROR(ROUND(R20/K20*100,2),0) -> 99.99 | Y20: =IFERROR(ROUND(S20/L20*100,2),0) -> 99.99 | Z20: 0.63377049 | AA20: 53.88 | AB20: 61 | AC20: =ROUND(Z20*AA20*1.84*(AB20/60)*0.01,2) -> 0.64 | AD20: =AC20+AD19 -> 9.0665248 | AE20: =IFERROR(ROUND($AC20/Q20*100,2),0) -> 19.33 | AF20: =IFERROR(ROUND($AC20/R20*100,2),0) -> 13.1 | AG20: =IFERROR(ROUND($AC20/S20*100,2),0) -> 11.41
A21: 45931 | B21: 15 | C21: 0.21944444 | D21: =C21+D20 -> 3.8902778 | E21: 14.8 | F21: 10.1 | G21: 14.9 | H21: 17.1 | I21: 50 | J21: =E21*F21*1.84*(I21/60)*0.01 -> 2.2920267 | K21: =E21*G21*1.84*(I21/60)*0.01 -> 3.3813067 | L21: =E21*H21*1.84*(I21/60)*0.01 -> 3.88056 | M21: 11.76 | N21: 0.006 | O21: 50 | P21: =M21*N21*1.84*(O21/60)*0.01 -> 0.00108192 | Q21: =IFERROR(J21-$P21,0) -> 2.2909447 | R21: =IFERROR(K21-$P21,0) -> 3.3802247 | S21: =IFERROR(L21-$P21,0) -> 3.8794781 | T21: =Q21+T20 -> 70.436532 | U21: =R21+U20 -> 103.91343 | V21: =S21+V20 -> 119.257 | W21: =IFERROR(ROUND(Q21/J21*100,2),0) -> 99.95 | X21: =IFERROR(ROUND(R21/K21*100,2),0) -> 99.97 | Y21: =IFERROR(ROUND(S21/L21*100,2),0) -> 99.97 | Z21: 0.6602459 | AA21: 53.88 | AB21: 61 | AC21: =ROUND(Z21*AA21*1.84*(AB21/60)*0.01,2) -> 0.67 | AD21: =AC21+AD20 -> 9.7365248 | AE21: =IFERROR(ROUND($AC21/Q21*100,2),0) -> 29.25 | AF21: =IFERROR(ROUND($AC21/R21*100,2),0) -> 19.82 | AG21: =IFERROR(ROUND($AC21/S21*100,2),0) -> 17.27
A22: 45932 | B22: 16 | C22: 0.27083333 | D22: =C22+D21 -> 4.1611111 | E22: 17.334862 | F22: 10.1 | G22: 14.9 | H22: 17.1 | I22: 108.83333 | J22: =E22*F22*1.84*(I22/60)*0.01 -> 5.8434627 | K22: =E22*G22*1.84*(I22/60)*0.01 -> 8.6205539 | L22: =E22*H22*1.84*(I22/60)*0.01 -> 9.8933873 | M22: 9.4954128 | N22: 0.00086227829 | O22: 108.83333 | P22: =M22*N22*1.84*(O22/60)*0.01 -> 0.00027326865 | Q22: =IFERROR(J22-$P22,0) -> 5.8431894 | R22: =IFERROR(K22-$P22,0) -> 8.6202806 | S22: =IFERROR(L22-$P22,0) -> 9.8931141 | T22: =Q22+T21 -> 76.279721 | U22: =R22+U21 -> 112.53371 | V22: =S22+V21 -> 129.15012 | W22: =IFERROR(ROUND(Q22/J22*100,2),0) -> 100 | X22: =IFERROR(ROUND(R22/K22*100,2),0) -> 100 | Y22: =IFERROR(ROUND(S22/L22*100,2),0) -> 100 | Z22: 0.46010929 | AA22: 53.88 | AB22: 61 | AC22: =ROUND(Z22*AA22*1.84*(AB22/60)*0.01,2) -> 0.46 | AD22: =AC22+AD21 -> 10.196525 | AE22: =IFERROR(ROUND($AC22/Q22*100,2),0) -> 7.87 | AF22: =IFERROR(ROUND($AC22/R22*100,2),0) -> 5.34 | AG22: =IFERROR(ROUND($AC22/S22*100,2),0) -> 4.65
A23: 45936 | B23: 17 | C23: 0.18472222 | D23: =C23+D22 -> 4.3458333 | E23: - | F23: 10.1 | G23: 14.9 | H23: 17.1 | I23: - | J23: - | K23: - | L23: - | M23: - | N23: - | O23: - | P23: - | Q23: =IFERROR(J23-$P23,0) -> 0 | R23: =IFERROR(K23-$P23,0) -> 0 | S23: =IFERROR(L23-$P23,0) -> 0 | T23: =Q23+T22 -> 76.279721 | U23: =R23+U22 -> 112.53371 | V23: =S23+V22 -> 129.15012 | Z23: 0.36491935 | AA23: 53.88 | AB23: 62 | AC23: =ROUND(Z23*AA23*1.84*(AB23/60)*0.01,2) -> 0.37 | AD23: =AC23+AD22 -> 10.566525 | AE23: =IFERROR(ROUND($AC23/Q23*100,2),0) -> 0 | AF23: =IFERROR(ROUND($AC23/R23*100,2),0) -> 0 | AG23: =IFERROR(ROUND($AC23/S23*100,2),0) -> 0
A24: 45939 | B24: 18 | C24: 0.24166667 | D24: =C24+D23 -> 4.5875 | E24: 16.920426 | F24: 10.1 | G24: 14.9 | H24: 17.1 | I24: 78.166667 | J24: =E24*F24*1.84*(I24/60)*0.01 -> 4.0965741 | K24: =E24*G24*1.84*(I24/60)*0.01 -> 6.0434609 | L24: =E24*H24*1.84*(I24/60)*0.01 -> 6.9357839 | M24: 14.8 | N24: 0.0020828723 | O24: 78.166667 | P24: =M24*N24*1.84*(O24/60)*0.01 -> 0.00073894571 | Q24: =IFERROR(J24-$P24,0) -> 4.0958352 | R24: =IFERROR(K24-$P24,0) -> 6.0427219 | S24: =IFERROR(L24-$P24,0) -> 6.935045 | T24: =Q24+T23 -> 80.375557 | U24: =R24+U23 -> 118.57643 | V24: =S24+V23 -> 136.08516 | W24: =IFERROR(ROUND(Q24/J24*100,2),0) -> 99.98 | X24: =IFERROR(ROUND(R24/K24*100,2),0) -> 99.99 | Y24: =IFERROR(ROUND(S24/L24*100,2),0) -> 99.99 | Z24: 0.58185792 | AA24: 53.88 | AB24: 61 | AC24: =ROUND(Z24*AA24*1.84*(AB24/60)*0.01,2) -> 0.59 | AD24: =AC24+AD23 -> 11.156525 | AE24: =IFERROR(ROUND($AC24/Q24*100,2),0) -> 14.4 | AF24: =IFERROR(ROUND($AC24/R24*100,2),0) -> 9.76 | AG24: =IFERROR(ROUND($AC24/S24*100,2),0) -> 8.51
A25: 45940 | B25: 19 | C25: 0.22291667 | D25: =C25+D24 -> 4.8104167 | E25: 18.121246 | F25: 10.1 | G25: 14.9 | H25: 17.1 | I25: 58.666667 | J25: =E25*F25*1.84*(I25/60)*0.01 -> 3.2928157 | K25: =E25*G25*1.84*(I25/60)*0.01 -> 4.8577182 | L25: =E25*H25*1.84*(I25/60)*0.01 -> 5.5749652 | M25: 10.065156 | N25: 0.0036769688 | O25: 58.666667 | P25: =M25*N25*1.84*(O25/60)*0.01 -> 0.00066583779 | Q25: =IFERROR(J25-$P25,0) -> 3.2921499 | R25: =IFERROR(K25-$P25,0) -> 4.8570524 | S25: =IFERROR(L25-$P25,0) -> 5.5742994 | T25: =Q25+T24 -> 83.667706 | U25: =R25+U24 -> 123.43348 | V25: =S25+V24 -> 141.65946 | W25: =IFERROR(ROUND(Q25/J25*100,2),0) -> 99.98 | X25: =IFERROR(ROUND(R25/K25*100,2),0) -> 99.99 | Y25: =IFERROR(ROUND(S25/L25*100,2),0) -> 99.99 | Z25: 0.62551913 | AA25: 53.88 | AB25: 61 | AC25: =ROUND(Z25*AA25*1.84*(AB25/60)*0.01,2) -> 0.63 | AD25: =AC25+AD24 -> 11.786525 | AE25: =IFERROR(ROUND($AC25/Q25*100,2),0) -> 19.14 | AF25: =IFERROR(ROUND($AC25/R25*100,2),0) -> 12.97 | AG25: =IFERROR(ROUND($AC25/S25*100,2),0) -> 11.3
A26: 45944 | B26: 20 | C26: 0.21666667 | D26: =C26+D25 -> 5.0270833 | E26: 19.65 | F26: 10.1 | G26: 14.9 | H26: 17.1 | I26: 110 | J26: =E26*F26*1.84*(I26/60)*0.01 -> 6.694886 | K26: =E26*G26*1.84*(I26/60)*0.01 -> 9.876614 | L26: =E26*H26*1.84*(I26/60)*0.01 -> 11.334906 | M26: 14.8 | N26: 0.0014 | O26: 110 | P26: =M26*N26*1.84*(O26/60)*0.01 -> 0.00069895467 | Q26: =IFERROR(J26-$P26,0) -> 6.694187 | R26: =IFERROR(K26-$P26,0) -> 9.875915 | S26: =IFERROR(L26-$P26,0) -> 11.334207 | T26: =Q26+T25 -> 90.361894 | U26: =R26+U25 -> 133.3094 | V26: =S26+V25 -> 152.99367 | W26: =IFERROR(ROUND(Q26/J26*100,2),0) -> 99.99 | X26: =IFERROR(ROUND(R26/K26*100,2),0) -> 99.99 | Y26: =IFERROR(ROUND(S26/L26*100,2),0) -> 99.99 | Z26: 0.43521858 | AA26: 53.88 | AB26: 61 | AC26: =ROUND(Z26*AA26*1.84*(AB26/60)*0.01,2) -> 0.44 | AD26: =AC26+AD25 -> 12.226525 | AE26: =IFERROR(ROUND($AC26/Q26*100,2),0) -> 6.57 | AF26: =IFERROR(ROUND($AC26/R26*100,2),0) -> 4.46 | AG26: =IFERROR(ROUND($AC26/S26*100,2),0) -> 3.88
A27: 45945 | B27: 21 | C27: 0.17777778 | D27: =C27+D26 -> 5.2048611 | E27: 18.71 | F27: 10.1 | G27: 14.9 | H27: 17.1 | I27: 48 | J27: =E27*F27*1.84*(I27/60)*0.01 -> 2.7816531 | K27: =E27*G27*1.84*(I27/60)*0.01 -> 4.1036269 | L27: =E27*H27*1.84*(I27/60)*0.01 -> 4.7095315 | M27: 14.8 | N27: 0.01 | O27: 48 | P27: =M27*N27*1.84*(O27/60)*0.01 -> 0.00217856 | Q27: =IFERROR(J27-$P27,0) -> 2.7794746 | R27: =IFERROR(K27-$P27,0) -> 4.1014483 | S27: =IFERROR(L27-$P27,0) -> 4.707353 | T27: =Q27+T26 -> 93.141368 | U27: =R27+U26 -> 137.41085 | V27: =S27+V26 -> 157.70102 | W27: =IFERROR(ROUND(Q27/J27*100,2),0) -> 99.92 | X27: =IFERROR(ROUND(R27/K27*100,2),0) -> 99.95 | Y27: =IFERROR(ROUND(S27/L27*100,2),0) -> 99.95 | Z27: 0.44204918 | AA27: 53.88 | AB27: 61 | AC27: =ROUND(Z27*AA27*1.84*(AB27/60)*0.01,2) -> 0.45 | AD27: =AC27+AD26 -> 12.676525 | AE27: =IFERROR(ROUND($AC27/Q27*100,2),0) -> 16.19 | AF27: =IFERROR(ROUND($AC27/R27*100,2),0) -> 10.97 | AG27: =IFERROR(ROUND($AC27/S27*100,2),0) -> 9.56
A28: 45946 | B28: 22 | C28: 0.20486111 | D28: =C28+D27 -> 5.4097222 | E28: 18.3 | F28: 10.1 | G28: 14.9 | H28: 17.1 | I28: 40.166667 | J28: =E28*F28*1.84*(I28/60)*0.01 -> 2.2766949 | K28: =E28*G28*1.84*(I28/60)*0.01 -> 3.3586885 | L28: =E28*H28*1.84*(I28/60)*0.01 -> 3.8546022 | M28: 11.938017 | N28: 0.0014825207 | O28: 40.166667 | P28: =M28*N28*1.84*(O28/60)*0.01 -> 0.00021800442 | Q28: =IFERROR(J28-$P28,0) -> 2.2764769 | R28: =IFERROR(K28-$P28,0) -> 3.3584705 | S28: =IFERROR(L28-$P28,0) -> 3.8543842 | T28: =Q28+T27 -> 95.417845 | U28: =R28+U27 -> 140.76932 | V28: =S28+V27 -> 161.55541 | W28: =IFERROR(ROUND(Q28/J28*100,2),0) -> 99.99 | X28: =IFERROR(ROUND(R28/K28*100,2),0) -> 99.99 | Y28: =IFERROR(ROUND(S28/L28*100,2),0) -> 99.99 | Z28: 0.53855191 | AA28: 53.88 | AB28: 61 | AC28: =ROUND(Z28*AA28*1.84*(AB28/60)*0.01,2) -> 0.54 | AD28: =AC28+AD27 -> 13.216525 | AE28: =IFERROR(ROUND($AC28/Q28*100,2),0) -> 23.72 | AF28: =IFERROR(ROUND($AC28/R28*100,2),0) -> 16.08 | AG28: =IFERROR(ROUND($AC28/S28*100,2),0) -> 14.01
A29: 45947 | B29: 23 | C29: 0.21597222 | D29: =C29+D28 -> 5.6256944 | E29: 25.425342 | F29: 10.1 | G29: 14.9 | H29: 17.1 | I29: 48.5 | J29: =E29*F29*1.84*(I29/60)*0.01 -> 3.8194119 | K29: =E29*G29*1.84*(I29/60)*0.01 -> 5.6345779 | L29: =E29*H29*1.84*(I29/60)*0.01 -> 6.4665291 | M29: 10.1 | N29: 0.0019673288 | O29: 48.5 | P29: =M29*N29*1.84*(O29/60)*0.01 -> 0.00029553344 | Q29: =IFERROR(J29-$P29,0) -> 3.8191164 | R29: =IFERROR(K29-$P29,0) -> 5.6342824 | S29: =IFERROR(L29-$P29,0) -> 6.4662335 | T29: =Q29+T28 -> 99.236961 | U29: =R29+U28 -> 146.4036 | V29: =S29+V28 -> 168.02164 | W29: =IFERROR(ROUND(Q29/J29*100,2),0) -> 99.99 | X29: =IFERROR(ROUND(R29/K29*100,2),0) -> 99.99 | Y29: =IFERROR(ROUND(S29/L29*100,2),0) -> 100 | Z29: 0.51671717 | AA29: 53.88 | AB29: 66 | AC29: =ROUND(Z29*AA29*1.84*(AB29/60)*0.01,2) -> 0.56 | AD29: =AC29+AD28 -> 13.776525 | AE29: =IFERROR(ROUND($AC29/Q29*100,2),0) -> 14.66 | AF29: =IFERROR(ROUND($AC29/R29*100,2),0) -> 9.94 | AG29: =IFERROR(ROUND($AC29/S29*100,2),0) -> 8.66
A30: 45950 | B30: 24 | C30: 0.22777778 | D30: =C30+D29 -> 5.8534722 | E30: 12.457407 | F30: 10.1 | G30: 14.9 | H30: 17.1 | I30: 53.833333 | J30: =E30*F30*1.84*(I30/60)*0.01 -> 2.0771453 | K30: =E30*G30*1.84*(I30/60)*0.01 -> 3.0643035 | L30: =E30*H30*1.84*(I30/60)*0.01 -> 3.516751 | M30: 14.8 | N30: 0.0063147222 | O30: 53.833333 | P30: =M30*N30*1.84*(O30/60)*0.01 -> 0.0015428859 | Q30: =IFERROR(J30-$P30,0) -> 2.0756025 | R30: =IFERROR(K30-$P30,0) -> 3.0627606 | S30: =IFERROR(L30-$P30,0) -> 3.5152081 | T30: =Q30+T29 -> 101.31256 | U30: =R30+U29 -> 149.46636 | V30: =S30+V29 -> 171.53685 | W30: =IFERROR(ROUND(Q30/J30*100,2),0) -> 99.93 | X30: =IFERROR(ROUND(R30/K30*100,2),0) -> 99.95 | Y30: =IFERROR(ROUND(S30/L30*100,2),0) -> 99.96 | Z30: 0.22681818 | AA30: 53.88 | AB30: 66 | AC30: =ROUND(Z30*AA30*1.84*(AB30/60)*0.01,2) -> 0.25 | AD30: =AC30+AD29 -> 14.026525 | AE30: =IFERROR(ROUND($AC30/Q30*100,2),0) -> 12.04 | AF30: =IFERROR(ROUND($AC30/R30*100,2),0) -> 8.16 | AG30: =IFERROR(ROUND($AC30/S30*100,2),0) -> 7.11
A31: 45951 | B31: 25 | C31: 0.2125 | D31: =C31+D30 -> 6.0659722 | E31: 18.2891 | F31: 10.1 | G31: 14.9 | H31: 17.1 | I31: 35 | J31: =E31*F31*1.84*(I31/60)*0.01 -> 1.9826603 | K31: =E31*G31*1.84*(I31/60)*0.01 -> 2.9249147 | L31: =E31*H31*1.84*(I31/60)*0.01 -> 3.3567813 | M31: 14.9 | N31: 0.0010243128 | O31: 35 | P31: =M31*N31*1.84*(O31/60)*0.01 -> 0.00016381493 | Q31: =IFERROR(J31-$P31,0) -> 1.9824965 | R31: =IFERROR(K31-$P31,0) -> 2.9247509 | S31: =IFERROR(L31-$P31,0) -> 3.3566175 | T31: =Q31+T30 -> 103.29506 | U31: =R31+U30 -> 152.39111 | V31: =S31+V30 -> 174.89347 | W31: =IFERROR(ROUND(Q31/J31*100,2),0) -> 99.99 | X31: =IFERROR(ROUND(R31/K31*100,2),0) -> 99.99 | Y31: =IFERROR(ROUND(S31/L31*100,2),0) -> 100 | Z31: 0.20186567 | AA31: 53.88 | AB31: 67 | AC31: =ROUND(Z31*AA31*1.84*(AB31/60)*0.01,2) -> 0.22 | AD31: =AC31+AD30 -> 14.246525 | AE31: =IFERROR(ROUND($AC31/Q31*100,2),0) -> 11.1 | AF31: =IFERROR(ROUND($AC31/R31*100,2),0) -> 7.52 | AG31: =IFERROR(ROUND($AC31/S31*100,2),0) -> 6.55
A32: 45954 | B32: 26 | C32: 0.23958333 | D32: =C32+D31 -> 6.3055556 | E32: 19.09 | F32: 10.1 | G32: 14.9 | H32: 17.1 | I32: 36.17 | J32: =E32*F32*1.84*(I32/60)*0.01 -> 2.1386631 | K32: =E32*G32*1.84*(I32/60)*0.01 -> 3.1550575 | L32: =E32*H32*1.84*(I32/60)*0.01 -> 3.6209049 | M32: 14.93 | N32: 0.001354 | O32: 36.17 | P32: =M32*N32*1.84*(O32/60)*0.01 -> 0.00022422992 | Q32: =IFERROR(J32-$P32,0) -> 2.1384389 | R32: =IFERROR(K32-$P32,0) -> 3.1548333 | S32: =IFERROR(L32-$P32,0) -> 3.6206807 | T32: =Q32+T31 -> 105.4335 | U32: =R32+U31 -> 155.54594 | V32: =S32+V31 -> 178.51415 | W32: =IFERROR(ROUND(Q32/J32*100,2),0) -> 99.99 | X32: =IFERROR(ROUND(R32/K32*100,2),0) -> 99.99 | Y32: =IFERROR(ROUND(S32/L32*100,2),0) -> 99.99 | Z32: 0.2245082 | AA32: 53.88 | AB32: 61 | AC32: =ROUND(Z32*AA32*1.84*(AB32/60)*0.01,2) -> 0.23 | AD32: =AC32+AD31 -> 14.476525 | AE32: =IFERROR(ROUND($AC32/Q32*100,2),0) -> 10.76 | AF32: =IFERROR(ROUND($AC32/R32*100,2),0) -> 7.29 | AG32: =IFERROR(ROUND($AC32/S32*100,2),0) -> 6.35
A33: 45957 | B33: 27 | C33: 0.19930556 | D33: =C33+D32 -> 6.5048611 | E33: 24.775 | F33: 10.1 | G33: 14.9 | H33: 17.1 | I33: 27.833333 | J33: =E33*F33*1.84*(I33/60)*0.01 -> 2.1358307 | K33: =E33*G33*1.84*(I33/60)*0.01 -> 3.150879 | L33: =E33*H33*1.84*(I33/60)*0.01 -> 3.6161094 | M33: 15.1 | N33: 0.0007927381 | O33: 27.833333 | P33: =M33*N33*1.84*(O33/60)*0.01 -> 0.00010217355 | Q33: =IFERROR(J33-$P33,0) -> 2.1357286 | R33: =IFERROR(K33-$P33,0) -> 3.1507768 | S33: =IFERROR(L33-$P33,0) -> 3.6160073 | T33: =Q33+T32 -> 107.56923 | U33: =R33+U32 -> 158.69672 | V33: =S33+V32 -> 182.13015 | W33: =IFERROR(ROUND(Q33/J33*100,2),0) -> 100 | X33: =IFERROR(ROUND(R33/K33*100,2),0) -> 100 | Y33: =IFERROR(ROUND(S33/L33*100,2),0) -> 100 | Z33: 0.2 | AA33: 53.88 | AB33: 61 | AC33: =ROUND(Z33*AA33*1.84*(AB33/60)*0.01,2) -> 0.2 | AD33: =AC33+AD32 -> 14.676525 | AE33: =IFERROR(ROUND($AC33/Q33*100,2),0) -> 9.36 | AF33: =IFERROR(ROUND($AC33/R33*100,2),0) -> 6.35 | AG33: =IFERROR(ROUND($AC33/S33*100,2),0) -> 5.53
A34: 45958 | B34: 28 | C34: 0.22083333 | D34: =C34+D33 -> 6.7256944 | E34: 24.95 | F34: 10.1 | G34: 14.9 | H34: 17.1 | I34: 27.833333 | J34: =E34*F34*1.84*(I34/60)*0.01 -> 2.1509173 | K34: =E34*G34*1.84*(I34/60)*0.01 -> 3.1731355 | L34: =E34*H34*1.84*(I34/60)*0.01 -> 3.6416521 | M34: 15.1 | N34: 0.0011010714 | O34: 27.833333 | P34: =M34*N34*1.84*(O34/60)*0.01 -> 0.00014191367 | Q34: =IFERROR(J34-$P34,0) -> 2.1507754 | R34: =IFERROR(K34-$P34,0) -> 3.1729935 | S34: =IFERROR(L34-$P34,0) -> 3.6415102 | T34: =Q34+T33 -> 109.72 | U34: =R34+U33 -> 161.86971 | V34: =S34+V33 -> 185.77166 | W34: =IFERROR(ROUND(Q34/J34*100,2),0) -> 99.99 | X34: =IFERROR(ROUND(R34/K34*100,2),0) -> 100 | Y34: =IFERROR(ROUND(S34/L34*100,2),0) -> 100 | Z34: 0.25296875 | AA34: 53.88 | AB34: 64 | AC34: =ROUND(Z34*AA34*1.84*(AB34/60)*0.01,2) -> 0.27 | AD34: =AC34+AD33 -> 14.946525 | AE34: =IFERROR(ROUND($AC34/Q34*100,2),0) -> 12.55 | AF34: =IFERROR(ROUND($AC34/R34*100,2),0) -> 8.51 | AG34: =IFERROR(ROUND($AC34/S34*100,2),0) -> 7.41
A35: 45959 | B35: 29 | C35: 0.25486111 | D35: =C35+D34 -> 6.9805556 | E35: 24.49 | F35: 10.1 | G35: 14.9 | H35: 17.1 | I35: 80.55 | J35: =E35*F35*1.84*(I35/60)*0.01 -> 6.110015 | K35: =E35*G35*1.84*(I35/60)*0.01 -> 9.0137845 | L35: =E35*H35*1.84*(I35/60)*0.01 -> 10.344679 | M35: 15.1 | N35: 0.006 | O35: 80.5 | P35: =M35*N35*1.84*(O35/60)*0.01 -> 0.002236612 | Q35: =IFERROR(J35-$P35,0) -> 6.1077784 | R35: =IFERROR(K35-$P35,0) -> 9.0115479 | S35: =IFERROR(L35-$P35,0) -> 10.342442 | T35: =Q35+T34 -> 115.82778 | U35: =R35+U34 -> 170.88126 | V35: =S35+V34 -> 196.11411 | W35: =IFERROR(ROUND(Q35/J35*100,2),0) -> 99.96 | X35: =IFERROR(ROUND(R35/K35*100,2),0) -> 99.98 | Y35: =IFERROR(ROUND(S35/L35*100,2),0) -> 99.98 | Z35: 0.2 | AA35: 53.88 | AB35: 61 | AC35: =ROUND(Z35*AA35*1.84*(AB35/60)*0.01,2) -> 0.2 | AD35: =AC35+AD34 -> 15.146525 | AE35: =IFERROR(ROUND($AC35/Q35*100,2),0) -> 3.27 | AF35: =IFERROR(ROUND($AC35/R35*100,2),0) -> 2.22 | AG35: =IFERROR(ROUND($AC35/S35*100,2),0) -> 1.93
A36: 45960 | B36: 30 | C36: 0.18958333 | D36: =C36+D35 -> 7.1701389 | E36: 26.544 | F36: 10.1 | G36: 14.9 | H36: 17.1 | I36: 24.833333 | J36: =E36*F36*1.84*(I36/60)*0.01 -> 2.0416878 | K36: =E36*G36*1.84*(I36/60)*0.01 -> 3.0119949 | L36: =E36*H36*1.84*(I36/60)*0.01 -> 3.4567189 | M36: 15.1 | N36: 0.0013751333 | O36: 24.833333 | P36: =M36*N36*1.84*(O36/60)*0.01 -> 0.0001581333 | Q36: =IFERROR(J36-$P36,0) -> 2.0415297 | R36: =IFERROR(K36-$P36,0) -> 3.0118367 | S36: =IFERROR(L36-$P36,0) -> 3.4565608 | T36: =Q36+T35 -> 117.86931 | U36: =R36+U35 -> 173.8931 | V36: =S36+V35 -> 199.57067 | W36: =IFERROR(ROUND(Q36/J36*100,2),0) -> 99.99 | X36: =IFERROR(ROUND(R36/K36*100,2),0) -> 99.99 | Y36: =IFERROR(ROUND(S36/L36*100,2),0) -> 100 | Z36: 0.20013661 | AA36: 53.88 | AB36: 61 | AC36: =ROUND(Z36*AA36*1.84*(AB36/60)*0.01,2) -> 0.2 | AD36: =AC36+AD35 -> 15.346525 | AE36: =IFERROR(ROUND($AC36/Q36*100,2),0) -> 9.8 | AF36: =IFERROR(ROUND($AC36/R36*100,2),0) -> 6.64 | AG36: =IFERROR(ROUND($AC36/S36*100,2),0) -> 5.79
A37: Total | C37: =AVERAGE(C7:C36) -> 0.23900463 | D37: =D36 -> 7.1701389 | E37: =AVERAGE(E24:E36) -> 20.59404 | K37: =AVERAGE(K24:K36) -> 4.7206735 | P37: =SUM(P7:P36) -> 0.014073343 | U37: =U36 -> 173.8931 | X37: =ROUND(AVERAGE(X7:X36),2) -> 99.99 | AD37: =AD36 -> 15.346525
B44: Time | Q44: Adsorp | X44: Steam | AI44: Sorbent Aging
AI74: CO2 Capture&Recovery
AI101: CO2 Capture & Conc flue gas in

Sheet Run 2 Gen 1+2
A1: Run 2 Gen 1 + Gen 2
B3: Cycle | C3: Operating Hour | D3: Operating Hour Cumulative Gen 1+2 | E3: CO₂In during adsorption | I3: CO₂Out during adsorption | M3: CO₂ Captured | P3: CO₂Regen during steaming
E4: Q (Nm³/h) | F4: C (vol%) | G4: T (min) | H4: CO₂ (kg) | I4: Q (Nm³/h) | J4: C (vol%) | K4: T (min) | L4: CO₂ (kg) | M4: CO₂ Captured Run 2 Gen 1+2 | N4: CO₂ Captured Run 2 Gen 1+2 Cumulative (Kg) | O4: % Captured | P4: Q (Nm³/h) | Q4: C (vol%) | R4: T (min) | S4: CO₂ (kg) | T4: CO2 Recovery Run 2 Gen 1 +2 Cumulative (Kg) | U4: % Recovery
A5: 45965 | B5: 1 | C5: 0.22777778 | D5: 0.22777778 | E5: 16.998113 | F5: 14.9 | G5: 52.833333 | H5: =ROUND(E5*F5*1.84*(G5/60)*0.01,2) -> 4.1 | I5: 14.332075 | J5: 1.081761e-05 | K5: 52.833333 | L5: =I5*J5*1.84*(K5/60)*0.01 -> 2.5119732e-06 | M5: =H5-L5 -> 4.0999975 | N5: =M5 -> 4.0999975 | O5: =ROUND(M5/H5*100,2) -> 100 | P5: 0.2 | Q5: 53.88 | R5: 70.833333 | S5: =ROUND(P5*Q5*1.84*(R5/60)*0.01,2) -> 0.23 | T5: 0.23 | U5: =IFERROR(ROUND(S5/M5 *100,2),0) -> 5.61
A6: 45967 | B6: 2 | C6: 0.225 | D6: =C6+D5 -> 0.45277778 | E6: 16.026609 | F6: 14.9 | G6: 95.666667 | H6: =ROUND(E6*F6*1.84*(G6/60)*0.01,2) -> 7.01 | I6: 14.249043 | J6: 0.00020572174 | K6: 95.666667 | L6: =I6*J6*1.84*(K6/60)*0.01 -> 8.5998943e-05 | M6: =H6-L6 -> 7.009914 | N6: =N5+M6 -> 11.109911 | O6: =ROUND(M6/H6*100,2) -> 100 | P6: 0.2 | Q6: 53.88 | R6: 41.833333 | S6: =ROUND(P6*Q6*1.84*(R6/60)*0.01,2) -> 0.14 | T6: =T5+S6 -> 0.37 | U6: =IFERROR(ROUND(S6/M6 *100,2),0) -> 2
A7: 45968 | B7: 3 | C7: 0.3125 | D7: =C7+D6 -> 0.76527778 | E7: 16.5 | F7: 14.9 | G7: 82.166667 | H7: =ROUND(E7*F7*1.84*(G7/60)*0.01,2) -> 6.19 | I7: 15.1 | J7: 0.00016753036 | K7: 82.166667 | L7: =I7*J7*1.84*(K7/60)*0.01 -> 6.3743033e-05 | M7: =H7-L7 -> 6.1899363 | N7: =N6+M7 -> 17.299848 | O7: =ROUND(M7/H7*100,2) -> 100 | P7: 0.21124183 | Q7: 53.88 | R7: 50.833333 | S7: =ROUND(P7*Q7*1.84*(R7/60)*0.01,2) -> 0.18 | T7: =T6+S7 -> 0.55 | U7: =IFERROR(ROUND(S7/M7 *100,2),0) -> 2.91
A8: 45972 | B8: 4 | C8: 0.21666667 | D8: =C8+D7 -> 0.98194444 | E8: 16.671429 | F8: 14.9 | G8: 48.833333 | H8: =ROUND(E8*F8*1.84*(G8/60)*0.01,2) -> 3.72 | I8: 14.957483 | J8: 0.0041015306 | K8: 48.833333 | L8: =I8*J8*1.84*(K8/60)*0.01 -> 0.00091872898 | M8: =H8-L8 -> 3.7190813 | N8: =N7+M8 -> 21.018929 | O8: =ROUND(M8/H8*100,2) -> 99.98 | P8: 0.21124183 | Q8: 53.88 | R8: 50.833333 | S8: =ROUND(P8*Q8*1.84*(R8/60)*0.01,2) -> 0.18 | T8: =T7+S8 -> 0.73 | U8: =IFERROR(ROUND(S8/M8 *100,2),0) -> 4.84
A9: 45973 | B9: 5 | C9: 0.22013889 | D9: =C9+D8 -> 1.2020833 | E9: 17.366929 | F9: 14.9 | G9: 63.333333 | H9: =ROUND(E9*F9*1.84*(G9/60)*0.01,2) -> 5.03 | I9: 14.738845 | J9: 0.0016456693 | K9: 63.333333 | L9: =I9*J9*1.84*(K9/60)*0.01 -> 0.00047109114 | M9: =H9-L9 -> 5.0295289 | N9: =N8+M9 -> 26.048458 | O9: =ROUND(M9/H9*100,2) -> 99.99 | P9: 0.2 | Q9: 53.88 | R9: 35.833333 | S9: =ROUND(P9*Q9*1.84*(R9/60)*0.01,2) -> 0.12 | T9: =T8+S9 -> 0.85 | U9: =IFERROR(ROUND(S9/M9 *100,2),0) -> 2.39
A10: 45974 | B10: 6 | C10: 0.26944444 | D10: =C10+D9 -> 1.4715278 | E10: 16.567241 | F10: 14.9 | G10: 115.83333 | H10: =ROUND(E10*F10*1.84*(G10/60)*0.01,2) -> 8.77 | I10: 14.404454 | J10: 1e-05 | K10: 115.83333 | L10: =I10*J10*1.84*(K10/60)*0.01 -> 5.1167822e-06 | M10: =H10-L10 -> 8.7699949 | N10: =N9+M10 -> 34.818453 | O10: =ROUND(M10/H10*100,2) -> 100 | P10: 0.29225926 | Q10: 53.88 | R10: 44.833333 | S10: =ROUND(P10*Q10*1.84*(R10/60)*0.01,2) -> 0.22 | T10: =T9+S10 -> 1.07 | U10: =IFERROR(ROUND(S10/M10 *100,2),0) -> 2.51
A11: 45975 | B11: 7 | C11: 0.28819444 | D11: =C11+D10 -> 1.7597222 | E11: 17.592373 | F11: 14.9 | G11: 117.83333 | H11: =ROUND(E11*F11*1.84*(G11/60)*0.01,2) -> 9.47 | I11: 12.101695 | J11: 1e-05 | K11: 117.83333 | L11: =I11*J11*1.84*(K11/60)*0.01 -> 4.3730147e-06 | M11: =H11-L11 -> 9.4699956 | N11: =N10+M11 -> 44.288448 | O11: =ROUND(M11/H11*100,2) -> 100 | P11: 0.36 | Q11: 53.88 | R11: 60.83 | S11: =ROUND(P11*Q11*1.84*(R11/60)*0.01,2) -> 0.36 | T11: =T10+S11 -> 1.43 | U11: =IFERROR(ROUND(S11/M11 *100,2),0) -> 3.8
A12: 45978 | B12: 8 | C12: 0.27013889 | D12: =C12+D11 -> 2.0298611 | E12: 14.41087 | F12: 14.9 | G12: 137.83333 | H12: =ROUND(E12*F12*1.84*(G12/60)*0.01,2) -> 9.08 | I12: 13.35 | J12: 1e-05 | K12: 137.83333 | L12: =I12*J12*1.84*(K12/60)*0.01 -> 5.6428967e-06 | M12: =H12-L12 -> 9.0799944 | N12: =N11+M12 -> 53.368443 | O12: =ROUND(M12/H12*100,2) -> 100 | P12: 0.45580882 | Q12: 53.88 | R12: 67.833333 | S12: =ROUND(P12*Q12*1.84*(R12/60)*0.01,2) -> 0.51 | T12: =T11+S12 -> 1.94 | U12: =IFERROR(ROUND(S12/M12 *100,2),0) -> 5.62
A13: 45979 | B13: 9 | C13: 0.26388889 | D13: =C13+D12 -> 2.29375 | E13: 17.872727 | F13: 14.9 | G13: 120.83333 | H13: =ROUND(E13*F13*1.84*(G13/60)*0.01,2) -> 9.87 | I13: 12.045455 | J13: 1e-05 | K13: 120.83333 | L13: =I13*J13*1.84*(K13/60)*0.01 -> 4.4635101e-06 | M13: =H13-L13 -> 9.8699955 | N13: =N12+M13 -> 63.238438 | O13: =ROUND(M13/H13*100,2) -> 100 | P13: 0.36 | Q13: 0 | R13: 60.83 | S13: =ROUND(P13*Q13*1.84*(R13/60)*0.01,2) -> 0 | T13: =T12+S13 -> 1.94 | U13: =IFERROR(ROUND(S13/M13 *100,2),0) -> 0
A14: 45980 | B14: 10 | C14: 0.23472222 | D14: =C14+D13 -> 2.5284722 | E14: 18.916484 | F14: 10.977912 | G14: 90.833333 | H14: =ROUND(E14*F14*1.84*(G14/60)*0.01,2) -> 5.78 | I14: 5 | J14: 9.96337e-06 | K14: 90.833333 | L14: =I14*J14*1.84*(K14/60)*0.01 -> 1.387676e-06 | M14: =H14-L14 -> 5.7799986 | N14: =N13+M14 -> 69.018437 | O14: =ROUND(M14/H14*100,2) -> 100 | P14: 0.29942623 | Q14: 66.83 | R14: 60.833333 | S14: =ROUND(P14*Q14*1.84*(R14/60)*0.01,2) -> 0.37 | T14: =T13+S14 -> 2.31 | U14: =IFERROR(ROUND(S14/M14 *100,2),0) -> 6.4
A15: 45981 | B15: 11 | C15: 0.25277778 | D15: =C15+D14 -> 2.78125 | E15: 11.231 | F15: 2.6081 | G15: 99.833333 | H15: =ROUND(E15*F15*1.84*(G15/60)*0.01,2) -> 0.9 | I15: 4.175 | J15: 1e-05 | K15: 99.833333 | L15: =I15*J15*1.84*(K15/60)*0.01 -> 1.2781994e-06 | M15: =H15-L15 -> 0.89999872 | N15: =N14+M15 -> 69.918436 | O15: =ROUND(M15/H15*100,2) -> 100 | P15: 0.30814516 | Q15: 71.33 | R15: 61.833333 | S15: =ROUND(P15*Q15*1.84*(R15/60)*0.01,2) -> 0.42 | T15: =T14+S15 -> 2.73 | U15: =IFERROR(ROUND(S15/M15 *100,2),0) -> 46.67
A16: 45982 | B16: 12 | C16: 0.25555556 | D16: =C16+D15 -> 3.0368056 | E16: 19.052679 | F16: 12.873929 | G16: 111.83333 | H16: =ROUND(E16*F16*1.84*(G16/60)*0.01,2) -> 8.41 | I16: 10.613839 | J16: 0.14285714 | K16: 111.83333 | L16: =I16*J16*1.84*(K16/60)*0.01 -> 0.052001074 | M16: =H16-L16 -> 8.3579989 | N16: =N15+M16 -> 78.276435 | O16: =ROUND(M16/H16*100,2) -> 99.38 | P16: 0.33141975 | Q16: 53.88 | R16: 53.833333 | S16: =ROUND(P16*Q16*1.84*(R16/60)*0.01,2) -> 0.29 | T16: =T15+S16 -> 3.02 | U16: =IFERROR(ROUND(S16/M16 *100,2),0) -> 3.47
A17: 45985 | B17: 13 | C17: 0.23125 | D17: =C17+D16 -> 3.2680556 | E17: 23.718868 | F17: 5.5124528 | G17: 52.833333 | H17: =ROUND(E17*F17*1.84*(G17/60)*0.01,2) -> 2.12 | I17: 12.641509 | J17: 0.11433962 | K17: 52.833333 | L17: =I17*J17*1.84*(K17/60)*0.01 -> 0.023419104 | M17: =H17-L17 -> 2.0965809 | N17: =N16+M17 -> 80.373015 | O17: =ROUND(M17/H17*100,2) -> 98.9 | P17: 0.674 | Q17: 40.69 | R17: 10 | S17: =ROUND(P17*Q17*1.84*(R17/60)*0.01,2) -> 0.08 | T17: =T16+S17 -> 3.1 | U17: =IFERROR(ROUND(S17/M17 *100,2),0) -> 3.82
... A42: 46043 | B42: 38 | C42: 0.25 | D42: =C42+D41 -> 8.8868056 | E42: 28.283333 | F42: 10.156667 | G42: 18 | H42: =ROUND(E42*F42*1.84*(G42/60)*0.01,2) -> 1.59 | I42: 13.333333 | J42: 0.072222222 | K42: 18 | L42: =I42*J42*1.84*(K42/60)*0.01 -> 0.0053155556 | M42: =H42-L42 -> 1.5846844 | N42: =N41+M42 -> 164.26488 | O42: =ROUND(M42/H42*100,2) -> 99.67 | P42: 1.47 | Q42: 100 | R42: 20 | S42: =ROUND(P42*Q42*1.84*(R42/60)*0.01,2) -> 0.9 | T42: =T41+S42 -> 20.35 | U42: =IFERROR(ROUND(S42/M42 *100,2),0) -> 56.79
A43: Total | C43: =AVERAGE(C5:C42) -> 0.2338633 | D43: =D42 -> 8.8868056 | E43: =AVERAGE(E5:E42) -> 21.219527 | H43: =AVERAGE(H5:H42) -> 4.3352632 | L43: =SUM(L5:L42) -> 0.47511936 | N43: =N42 -> 164.26488 | T43: =T42 -> 20.35
B50: Time | L50: Adsorp | Q50: Steam | Z50: Sorbent Aging
Z80: CO2 Capture&Recovery
Z107: CO2 Capture & Conc flue gas in

Sheet Run 3 Zeolite  
A1: Run 3 Zeolite
B3: Cycle | C3: Operating Hour | D3: Operating Hour Cumulative Run 4 Gen 1 | E3: CO₂In during adsorption | I3: CO₂Out during adsorption | M3: CO₂ Captured | P3: CO₂Regen during steaming
E4: Q (Nm³/h) | F4: C (vol%) | G4: T (min) | H4: CO₂ (kg) | I4: Q (Nm³/h) | J4: C (vol%) | K4: T (min) | L4: CO₂ (kg) | M4: CO₂ Captured Run 3 Zeolite | N4: CO₂ Captured Run 3 Zeolite Cumulative (Kg) | O4: % Captured | P4: Q (Nm³/h) | Q4: C (vol%) | R4: T (min) | S4: CO₂ (kg) | T4: CO2 Recovery Run 3 Zeolite Cumulative (Kg) | U4: % Recovery
A5: 46049 | B5: 1 | C5: 0.20486111 | D5: =C5 -> 0.20486111 | E5: 26.55 | F5: 11.807105 | G5: 38 | H5: =ROUND(E5*F5*1.84*(G5/60)*0.01,2) -> 3.65 | I5: 11.710526 | J5: 0.048421053 | K5: 38 | L5: =I5*J5*1.84*(K5/60)*0.01 -> 0.0066078596 | M5: =H5-L5 -> 3.6433921 | N5: =M5 -> 3.6433921 | O5: =ROUND(M5/H5*100,2) -> 99.82 | P5: 3.3 | Q5: 100 | R5: 5 | S5: =ROUND(P5*Q5*1.84*(R5/60)*0.01,2) -> 0.51 | T5: =S5 -> 0.51 | U5: =IFERROR(ROUND(S5/M5 *100,2),0) -> 14
A6: 46050 | B6: 2 | C6: 0.13402778 | D6: =D5+C6 -> 0.33888889 | E6: 16.666667 | F6: 12.885238 | G6: 21 | H6: =ROUND(E6*F6*1.84*(G6/60)*0.01,2) -> 1.38 | I6: 11.666667 | J6: 0.88952381 | K6: 21 | L6: =I6*J6*1.84*(K6/60)*0.01 -> 0.066832889 | M6: =H6-L6 -> 1.3131671 | N6: =N5+M6 -> 4.9565593 | O6: =ROUND(M6/H6*100,2) -> 95.16 | P6: 0.47111111 | Q6: 100 | R6: 45 | S6: =ROUND(P6*Q6*1.84*(R6/60)*0.01,2) -> 0.65 | T6: =T5+S6 -> 1.16 | U6: =IFERROR(ROUND(S6/M6 *100,2),0) -> 49.5
A7: 46051 | B7: 3 | C7: 0.18263889 | D7: =D6+C7 -> 0.52152778 | E7: 25.422222 | F7: 12.93 | G7: 9 | H7: =ROUND(E7*F7*1.84*(G7/60)*0.01,2) -> 0.91 | I7: 11.333333 | J7: 0.12222222 | K7: 9 | L7: =I7*J7*1.84*(K7/60)*0.01 -> 0.0038231111 | M7: =H7-L7 -> 0.90617689 | N7: =N6+M7 -> 5.8627361 | O7: =ROUND(M7/H7*100,2) -> 99.58 | P7: 0 | Q7: 0 | R7: 0 | S7: =ROUND(P7*Q7*1.84*(R7/60)*0.01,2) -> 0 | T7: =T6+S7 -> 1.16 | U7: =IFERROR(ROUND(S7/M7 *100,2),0) -> 0
A8: Total | D8: =D7 -> 0.52152778 | E8: =AVERAGE(E5:E7) -> 22.87963 | H8: =AVERAGE(H5:H7) -> 1.98 | L8: =SUM(L5:L7) -> 0.07726386 | M8: =SUM(M5:M7) -> 5.8627361 | N8: =N7 -> 5.8627361 | O8: =AVERAGE(O5:O7) -> 98.186667 | S8: =SUM(S5:S7) -> 1.16
B12: Time | N12: Adsorp | V12: Steam | AH12: Sorbent Aging
AH42: CO2 Capture&Recovery
AH69: CO2 Capture & Conc flue gas in

Sheet Run 4 Gen 1 + Zeolite 
A1: Run 4 Gen 1 + Zeolite
B3: Cycle | C3: Operating Hour | D3: Operating Hour Cumulative Run 4 Gen 1 | E3: CO₂In during adsorption | I3: CO₂Out during adsorption | M3: CO₂ Captured | P3: CO₂Regen during steaming
E4: Q (Nm³/h) | F4: C (vol%) | G4: T (min) | H4: CO₂ (kg) | I4: Q (Nm³/h) | J4: C (vol%) | K4: T (min) | L4: CO₂ (kg) | M4: CO₂ Captured Run 4 Gen 1 + Zeolite | N4: CO₂ Captured Run 4 Gen 1 + Zeolite Cumulative (Kg) | O4: % Captured | P4: Q (Nm³/h) | Q4: C (vol%) | R4: T (min) | S4: CO₂ (kg) | T4: CO2 Recovery Run 4 Gen 1 + Zeolite Cumulative (Kg) | U4: % Recovery
A5: 46055 | B5: 1 | C5: 0.23541667 | D5: =C5 -> 0.23541667 | E5: 20.938182 | F5: 13 | G5: 110 | H5: =ROUND(E5*F5*1.84*(G5/60)*0.01,2) -> 9.18 | I5: 11.563636 | J5: 0.012636364 | K5: 110 | L5: =I5*J5*1.84*(K5/60)*0.01 -> 0.0049291927 | M5: =H5-L5 -> 9.1750708 | N5: =M5 -> 9.1750708 | O5: =ROUND(M5/H5*100,2) -> 99.95 | P5: 4.3454545 | Q5: 99.320909 | R5: 11 | S5: =ROUND(P5*Q5*1.84*(R5/60)*0.01,2) -> 1.46 | T5: =S5 -> 1.46 | U5: =IFERROR(ROUND(S5/M5 *100,2),0) -> 15.91
A6: 46056 | B6: 2 | C6: 0.17291667 | D6: =D5+C6 -> 0.40833333 | E6: 15.269231 | F6: 12.507885 | G6: 52 | H6: =ROUND(E6*F6*1.84*(G6/60)*0.01,2) -> 3.05 | I6: 15 | J6: 0.030961538 | K6: 52 | L6: =I6*J6*1.84*(K6/60)*0.01 -> 0.007406 | M6: =H6-L6 -> 3.042594 | N6: =N5+M6 -> 12.217665 | O6: =ROUND(M6/H6*100,2) -> 99.76 | P6: - | Q6: - | R6: - | S6: - | T6: - | U6: -
A7: 46057 | B7: 3 | C7: 0.21944444 | D7: =D6+C7 -> 0.62777778 | E7: 15.4 | F7: 13.014808 | G7: 52 | H7: =ROUND(E7*F7*1.84*(G7/60)*0.01,2) -> 3.2 | I7: 13.923077 | J7: 0.038653846 | K7: 52 | L7: =I7*J7*1.84*(K7/60)*0.01 -> 0.0085821846 | M7: =H7-L7 -> 3.1914178 | N7: =N6+M7 -> 15.409083 | O7: =ROUND(M7/H7*100,2) -> 99.73 | P7: 5.7857143 | Q7: 99.764286 | R7: 7 | S7: =ROUND(P7*Q7*1.84*(R7/60)*0.01,2) -> 1.24 | T7: =T5+S7 -> 2.7 | U7: =IFERROR(ROUND(S7/M7 *100,2),0) -> 38.85
A8: 46058 | B8: 4 | C8: 0.19861111 | D8: =D7+C8 -> 0.82638889 | E8: 23.320313 | F8: 12.901094 | G8: 64 | H8: =ROUND(E8*F8*1.84*(G8/60)*0.01,2) -> 5.9 | I8: 13 | J8: 0.0403125 | K8: 64 | L8: =I8*J8*1.84*(K8/60)*0.01 -> 0.0102856 | M8: =H8-L8 -> 5.8897144 | N8: =N7+M8 -> 21.298797 | O8: =ROUND(M8/H8*100,2) -> 99.83 | P8: 4.125 | Q8: 97.515 | R8: 12 | S8: =ROUND(P8*Q8*1.84*(R8/60)*0.01,2) -> 1.48 | T8: =T7+S8 -> 4.18 | U8: =IFERROR(ROUND(S8/M8 *100,2),0) -> 25.13
A9: 46059 | B9: 5 | C9: 0.27430556 | D9: =D8+C9 -> 1.1006944 | E9: 27.169231 | F9: 12.39 | G9: 52 | H9: =ROUND(E9*F9*1.84*(G9/60)*0.01,2) -> 5.37 | I9: 13.807692 | J9: 0.025576923 | K9: 52 | L9: =I9*J9*1.84*(K9/60)*0.01 -> 0.0056316974 | M9: =H9-L9 -> 5.3643683 | N9: =N8+M9 -> 26.663165 | O9: =ROUND(M9/H9*100,2) -> 99.9 | P9: 2.6466667 | Q9: 99.460667 | R9: 15 | S9: =ROUND(P9*Q9*1.84*(R9/60)*0.01,2) -> 1.21 | T9: =T8+S9 -> 5.39 | U9: =IFERROR(ROUND(S9/M9 *100,2),0) -> 22.56
A10: 46062 | B10: 6 | C10: 0.25625 | D10: =D9+C10 -> 1.3569444 | E10: 22.31746 | F10: 12.488254 | G10: 63 | H10: =ROUND(E10*F10*1.84*(G10/60)*0.01,2) -> 5.38 | I10: 13.47619 | J10: 0.027619048 | K10: 63 | L10: =I10*J10*1.84*(K10/60)*0.01 -> 0.0071908952 | M10: =H10-L10 -> 5.3728091 | N10: =N9+M10 -> 32.035974 | O10: =ROUND(M10/H10*100,2) -> 99.87 | P10: 2.5466667 | Q10: 56.583389 | R10: 30 | S10: =ROUND(P10*Q10*1.84*(R10/60)*0.01,2) -> 1.33 | T10: =T9+S10 -> 6.72 | U10: =IFERROR(ROUND(S10/M10 *100,2),0) -> 24.75
A11: 46063 | B11: 7 | C11: 0.15 | D11: =D10+C11 -> 1.5069444 | E11: 24.038983 | F11: 12.311356 | G11: 59 | H11: =ROUND(E11*F11*1.84*(G11/60)*0.01,2) -> 5.35 | I11: 13.677966 | J11: 0.021864407 | K11: 59 | L11: =I11*J11*1.84*(K11/60)*0.01 -> 0.0054110034 | M11: =H11-L11 -> 5.344589 | N11: =N10+M11 -> 37.380563 | O11: =ROUND(M11/H11*100,2) -> 99.9 | P11: 1.8076923 | Q11: 79.864006 | R11: 52 | S11: =ROUND(P11*Q11*1.84*(R11/60)*0.01,2) -> 2.3 | T11: =T10+S11 -> 9.02 | U11: =IFERROR(ROUND(S11/M11 *100,2),0) -> 43.03
A12: 46064 | B12: 8 | C12: 0.26805556 | D12: =D11+C12 -> 1.775 | E12: 23.098529 | F12: 12.578529 | G12: 68 | H12: =ROUND(E12*F12*1.84*(G12/60)*0.01,2) -> 6.06 | I12: 11.882353 | J12: 0.039705882 | K12: 68 | L12: =I12*J12*1.84*(K12/60)*0.01 -> 0.0098385882 | M12: =H12-L12 -> 6.0501614 | N12: =N11+M12 -> 43.430725 | O12: =ROUND(M12/H12*100,2) -> 99.84 | P12: 0.66730769 | Q12: 55.612532 | R12: 104 | S12: =ROUND(P12*Q12*1.84*(R12/60)*0.01,2) -> 1.18 | T12: =T11+S12 -> 10.2 | U12: =IFERROR(ROUND(S12/M12 *100,2),0) -> 19.5
A13: 46065 | B13: 9 | C13: 0.32430556 | D13: =D12+C13 -> 2.0993056 | E13: 15.622449 | F13: 14.55 | G13: 49 | H13: =ROUND(E13*F13*1.84*(G13/60)*0.01,2) -> 3.42 | I13: 17.489796 | J13: 0.02755102 | K13: 49 | L13: =I13*J13*1.84*(K13/60)*0.01 -> 0.0072407755 | M13: =H13-L13 -> 3.4127592 | N13: =N12+M13 -> 46.843484 | O13: =ROUND(M13/H13*100,2) -> 99.79 | P13: 1.5452381 | Q13: 47.983016 | R13: 42 | S13: =ROUND(P13*Q13*1.84*(R13/60)*0.01,2) -> 0.95 | T13: =T12+S13 -> 11.15 | U13: =IFERROR(ROUND(S13/M13 *100,2),0) -> 27.84
A14: 46066 | B14: 10 | C14: 0.22777778 | D14: =D13+C14 -> 2.3270833 | E14: 22.473913 | F14: 11.725435 | G14: 46 | H14: =ROUND(E14*F14*1.84*(G14/60)*0.01,2) -> 3.72 | I14: 14 | J14: 0.022826087 | K14: 46 | L14: =I14*J14*1.84*(K14/60)*0.01 -> 0.004508 | M14: =H14-L14 -> 3.715492 | N14: =N13+M14 -> 50.558976 | O14: =ROUND(M14/H14*100,2) -> 99.88 | P14: 1.2090909 | Q14: 27.986061 | R14: 44 | S14: =ROUND(P14*Q14*1.84*(R14/60)*0.01,2) -> 0.46 | T14: =T13+S14 -> 11.61 | U14: =IFERROR(ROUND(S14/M14 *100,2),0) -> 12.38
A15: 46069 | B15: 11 | C15: 0.26319444 | D15: =D14+C15 -> 2.5902778 | E15: 21.26087 | F15: 11.517101 | G15: 69 | H15: =ROUND(E15*F15*1.84*(G15/60)*0.01,2) -> 5.18 | I15: 12.478261 | J15: 0.052608696 | K15: 69 | L15: =I15*J15*1.84*(K15/60)*0.01 -> 0.0138908 | M15: =H15-L15 -> 5.1661092 | N15: =N14+M15 -> 55.725085 | O15: =ROUND(M15/H15*100,2) -> 99.73 | P15: 2.0003257 | Q15: 33.547752 | R15: 51.166667 | S15: =ROUND(P15*Q15*1.84*(R15/60)*0.01,2) -> 1.05 | T15: =T14+S15 -> 12.66 | U15: =IFERROR(ROUND(S15/M15 *100,2),0) -> 20.32
A16: 46070 | B16: 12 | C16: 0.24722222 | D16: =D15+C16 -> 2.8375 | E16: 22.272464 | F16: 11.372754 | G16: 69 | H16: =ROUND(E16*F16*1.84*(G16/60)*0.01,2) -> 5.36 | I16: 12.478261 | J16: 0.052608696 | K16: 69 | L16: =I16*J16*1.84*(K16/60)*0.01 -> 0.0138908 | M16: =H16-L16 -> 5.3461092 | N16: =N15+M16 -> 61.071194 | O16: =ROUND(M16/H16*100,2) -> 99.74 | P16: 2.1680851 | Q16: 57.502979 | R16: 47 | S16: =ROUND(P16*Q16*1.84*(R16/60)*0.01,2) -> 1.8 | T16: =T15+S16 -> 14.46 | U16: =IFERROR(ROUND(S16/M16 *100,2),0) -> 33.67
A17: 46071 | B17: 13 | C17: 0.23472222 | D17: =D16+C17 -> 3.0722222 | E17: 21.814286 | F17: 11.474921 | G17: 63 | H17: =ROUND(E17*F17*1.84*(G17/60)*0.01,2) -> 4.84 | I17: 12.952381 | J17: 0.028412698 | K17: 63 | L17: =I17*J17*1.84*(K17/60)*0.01 -> 0.0071099937 | M17: =H17-L17 -> 4.83289 | N17: =N16+M17 -> 65.904084 | O17: =ROUND(M17/H17*100,2) -> 99.85 | P17: 2.296 | Q17: 31.674067 | R17: 25 | S17: =ROUND(P17*Q17*1.84*(R17/60)*0.01,2) -> 0.56 | T17: =T16+S17 -> 15.02 | U17: =IFERROR(ROUND(S17/M17 *100,2),0) -> 11.59
A18: Total | D18: =D17 -> 3.0722222 | E18: =AVERAGE(E5:E17) -> 21.153532 | H18: =AVERAGE(H5:H17) -> 5.0776923 | L18: =SUM(L5:L17) -> 0.10591553 | M18: =SUM(M5:M17) -> 65.904084 | N18: =N17 -> 65.904084 | O18: =AVERAGE(O5:O17) -> 99.828462 | S18: =SUM(S5:S17) -> 15.02
B24: Time | L24: Adsorp | P24: Steam | AB24: Sorbent Aging
AB54: CO2 Capture&Recovery
AB82: CO2 Capture & Conc flue gas in

Sheet Run 5 Gen 1+Gen 2.2+ Zeolite
A1: Run 5 Gen 1+Gen 2.2+ Zeolite
B3: Cycle | C3: Operating Hour | D3: Operating Hour Cumulative Run 5 Gen 1+Gen 2.2+ Zeolite | E3: CO₂In during adsorption | I3: CO₂Out during adsorption | M3: CO₂ Captured | P3: CO₂Regen during steaming
E4: Q (Nm³/h) | F4: C (vol%) | G4: T (min) | H4: CO₂ (kg) | I4: Q (Nm³/h) | J4: C (vol%) | K4: T (min) | L4: CO₂ (kg) | M4: CO₂ Captured Run 5 Gen 1+Gen 2.2+ Zeolite (Kg) | N4: CO₂ Captured Run 5 Gen 1+Gen 2.2+ Zeolite Cumulative (Kg) | O4: % Captured | P4: Q (Nm³/h) | Q4: C (vol%) | R4: T (min) | S4: CO₂ (kg) | T4: CO2 Recovery Run 5 Gen 1+Gen 2.2+ Zeolite Cumulative (Kg) | U4: % Recovery
A5: 46076 | B5: 1 | C5: 0.22916667 | D5: =C5 -> 0.22916667 | E5: 24.9 | F5: 11.772439 | G5: 41 | H5: =ROUND(E5*F5*1.84*(G5/60)*0.01,2) -> 3.69 | I5: 14.512195 | J5: 0.071707317 | K5: 41 | L5: =I5*J5*1.84*(K5/60)*0.01 -> 0.013084195 | M5: =H5-L5 -> 3.6769158 | N5: =M5 -> 3.6769158 | O5: =ROUND(M5/H5*100,2) -> 99.65 | P5: 2.4837209 | Q5: 22.486783 | R5: 43 | S5: 1.1 | T5: =S5 -> 1.1 | U5: =IFERROR(ROUND(S5/M5 *100,2),0) -> 29.92
A6: 46077 | B6: 2 | C6: 0.27083333 | D6: =D5+C6 -> 0.5 | E6: 20.498077 | F6: 11.000962 | G6: 52 | H6: =ROUND(E6*F6*1.84*(G6/60)*0.01,2) -> 3.6 | I6: 14.384615 | J6: 0.078269231 | K6: 52 | L6: =I6*J6*1.84*(K6/60)*0.01 -> 0.017953918 | M6: =H6-L6 -> 3.5820461 | N6: =N5+M6 -> 7.2589619 | O6: =ROUND(M6/H6*100,2) -> 99.5 | P6: 0.96666667 | Q6: 4.8850585 | R6: 57 | S6: 0.35 | T6: =T5+S6 -> 1.45 | U6: 4.77
A7: 46078 | B7: 3 | C7: 0.29097222 | D7: =D6+C7 -> 0.79097222 | E7: 17.328571 | F7: 10.969048 | G7: 42 | H7: =ROUND(E7*F7*1.84*(G7/60)*0.01,2) -> 2.45 | I7: 15.071429 | J7: 0.025238095 | K7: 42 | L7: =I7*J7*1.84*(K7/60)*0.01 -> 0.004899219 | M7: =H7-L7 -> 2.4451008 | N7: =N6+M7 -> 9.7040627 | O7: =ROUND(M7/H7*100,2) -> 99.8 | P7: 1.5177866 | Q7: 17.940514 | R7: 42.166667 | S7: 0.6 | T7: =T6+S7 -> 2.05 | U7: =IFERROR(ROUND(S7/M7 *100,2),0) -> 24.54
A8: 46079 | B8: 4 | C8: 0.36527778 | D8: =D7+C8 -> 1.15625 | E8: 23.438095 | F8: 19.261905 | G8: 42 | H8: =ROUND(E8*F8*1.84*(G8/60)*0.01,2) -> 5.81 | I8: 15.714286 | J8: 0.023809524 | K8: 42 | L8: =I8*J8*1.84*(K8/60)*0.01 -> 0.0048190476 | M8: =H8-L8 -> 5.805181 | N8: =N7+M8 -> 15.509244 | O8: =ROUND(M8/H8*100,2) -> 99.92 | P8: 1.1038462 | Q8: 25.206538 | R8: 52 | S8: 1.32 | T8: =T7+S8 -> 3.37 | U8: =IFERROR(ROUND(S8/M8 *100,2),0) -> 22.74
A9: 46080 | B9: 5 | C9: 0.31666667 | D9: =D8+C9 -> 1.4729167 | E9: 13.688372 | F9: 11.988837 | G9: 43 | H9: 2.01 | I9: 12.186047 | J9: 0.05627907 | K9: 43 | L9: =I9*J9*1.84*(K9/60)*0.01 -> 0.0090436713 | M9: =H9-L9 -> 2.0009563 | N9: =N8+M9 -> 17.5102 | O9: =ROUND(M9/H9*100,2) -> 99.55 | P9: 1.220339 | Q9: 15.700734 | R9: 59 | S9: 0.6 | T9: =T8+S9 -> 3.97 | U9: =IFERROR(ROUND(S9/M9 *100,2),0) -> 29.99
A10: 46083 | B10: 6 | C10: 0.30694444 | D10: =D9+C10 -> 1.7798611 | E10: 23.948276 | F10: 13.651724 | G10: 29 | H10: =ROUND(E10*F10*1.84*(G10/60)*0.01,2) -> 2.91 | I10: 12.275862 | J10: 0.092068966 | K10: 29 | L10: =I10*J10*1.84*(K10/60)*0.01 -> 0.010051476 | M10: =H10-L10 -> 2.8999485 | N10: =N9+M10 -> 20.410148 | O10: =ROUND(M10/H10*100,2) -> 99.65 | P10: 0.98163934 | Q10: 9.1590492 | R10: 50.833333 | S10: 0.7 | T10: =T9+S10 -> 4.67 | U10: =IFERROR(ROUND(S10/M10 *100,2),0) -> 24.14
A11: 46085 | B11: 7 | C11: 0.31597222 | D11: =D10+C11 -> 2.0958333 | E11: 17.85 | F11: 14.335 | G11: 22 | H11: =ROUND(E11*F11*1.84*(G11/60)*0.01,2) -> 1.73 | I11: 15.454545 | J11: 0.10454545 | K11: 22 | L11: =I11*J11*1.84*(K11/60)*0.01 -> 0.010900606 | M11: =H11-L11 -> 1.7190994 | N11: =N10+M11 -> 22.129248 | O11: =ROUND(M11/H11*100,2) -> 99.37 | P11: 2.4016667 | Q11: 54.160944 | R11: 60 | S11: 2.5 | T11: =T10+S11 -> 7.17 | U11: =IFERROR(ROUND(S11/M11 *100,2),0) -> 145.42
A12: 46086 | B12: 8 | C12: 0.27847222 | D12: =D11+C12 -> 2.3743056 | E12: 22.911538 | F12: 14.148077 | G12: 26 | H12: =ROUND(E12*F12*1.84*(G12/60)*0.01,2) -> 2.58 | I12: 14.538462 | J12: 0.105 | K12: 26 | L12: =I12*J12*1.84*(K12/60)*0.01 -> 0.0121716 | M12: =H12-L12 -> 2.5678284 | N12: =N11+M12 -> 24.697076 | O12: =ROUND(M12/H12*100,2) -> 99.53 | P12: 1 | Q12: 7.2979085 | R12: 51 | S12: 0.5 | T12: =T11+S12 -> 7.67 | U12: =IFERROR(ROUND(S12/M12 *100,2),0) -> 19.47
A13: 46087 | B13: 9 | C13: 0.27291667 | D13: =D12+C13 -> 2.6472222 | E13: 15.795833 | F13: 13.43375 | G13: 24 | H13: =ROUND(E13*F13*1.84*(G13/60)*0.01,2) -> 1.56 | I13: 15 | J13: 0.1275 | K13: 24 | L13: =I13*J13*1.84*(K13/60)*0.01 -> 0.014076 | M13: =H13-L13 -> 1.545924 | N13: =N12+M13 -> 26.243 | O13: =ROUND(M13/H13*100,2) -> 99.1 | P13: 0.90465116 | Q13: 2.6212791 | R13: 43 | S13: 0.04 | T13: =T12+S13 -> 7.71 | U13: =IFERROR(ROUND(S13/M13 *100,2),0) -> 2.59
A14: 46090 | B14: 10 | C14: 0.32638889 | D14: =D13+C14 -> 2.9736111 | E14: 24.5 | F14: 14.001304 | G14: 23 | H14: =ROUND(E14*F14*1.84*(G14/60)*0.01,2) -> 2.42 | I14: 18 | J14: 0.15695652 | K14: 23 | L14: =I14*J14*1.84*(K14/60)*0.01 -> 0.0199272 | M14: =H14-L14 -> 2.4000728 | N14: =N13+M14 -> 28.643073 | O14: =ROUND(M14/H14*100,2) -> 99.18 | P14: 0.54835165 | Q14: 41.742308 | R14: 91 | S14: 0.83 | T14: =T13+S14 -> 8.54 | U14: =IFERROR(ROUND(S14/M14 *100,2),0) -> 34.58
A15: 46091 | B15: 11 | C15: 0.28541667 | D15: =D14+C15 -> 3.2590278 | E15: 24.195 | F15: 13.953 | G15: 20 | H15: =ROUND(E15*F15*1.84*(G15/60)*0.01,2) -> 2.07 | I15: 18 | J15: 0.154 | K15: 20 | L15: =I15*J15*1.84*(K15/60)*0.01 -> 0.0170016 | M15: =H15-L15 -> 2.0529984 | N15: =N14+M15 -> 30.696071 | O15: =ROUND(M15/H15*100,2) -> 99.18 | P15: 2.0212121 | Q15: 48.60904 | R15: 33 | S15: 0.85 | T15: =T14+S15 -> 9.39 | U15: =IFERROR(ROUND(S15/M15 *100,2),0) -> 41.4
A16: 46092 | B16: 12 | C16: 0.30763889 | D16: =D15+C16 -> 3.5666667 | E16: 25.264706 | F16: 14 | G16: 17 | H16: =ROUND(E16*F16*1.84*(G16/60)*0.01,2) -> 1.84 | I16: 16 | J16: 0.12588235 | K16: 17 | L16: =I16*J16*1.84*(K16/60)*0.01 -> 0.010500267 | M16: =H16-L16 -> 1.8294997 | N16: =N15+M16 -> 32.525571 | O16: =ROUND(M16/H16*100,2) -> 99.43 | P16: 2.2874773 | Q16: 42.147042 | R16: 91.833333 | S16: 2.81 | T16: =T15+S16 -> 12.2 | U16: =IFERROR(ROUND(S16/M16 *100,2),0) -> 153.59
A17: 46093 | B17: 13 | C17: 0.27013889 | D17: =D16+C17 -> 3.8368056 | E17: 22.906667 | F17: 14.093333 | G17: 15 | H17: =ROUND(E17*F17*1.84*(G17/60)*0.01,2) -> 1.49 | I17: 18 | J17: 0.144 | K17: 15 | L17: =I17*J17*1.84*(K17/60)*0.01 -> 0.0119232 | M17: =H17-L17 -> 1.4780768 | N17: =N16+M17 -> 34.003648 | O17: =ROUND(M17/H17*100,2) -> 99.2 | P17: 2.3217391 | Q17: 65.015507 | R17: 46 | S17: 2 | T17: =T16+S17 -> 14.2 | U17: =IFERROR(ROUND(S17/M17 *100,2),0) -> 135.31
A18: 46094 | B18: 14 | C18: 0.33055556 | D18: =D17+C18 -> 4.1673611 | E18: 24.669565 | F18: 11.583913 | G18: 23 | H18: =ROUND(E18*F18*1.84*(G18/60)*0.01,2) -> 2.02 | I18: 16 | J18: 0.16304348 | K18: 23 | L18: =I18*J18*1.84*(K18/60)*0.01 -> 0.0184 | M18: =H18-L18 -> 2.0016 | N18: =N17+M18 -> 36.005248 | O18: =ROUND(M18/H18*100,2) -> 99.09 | P18: 2.1764706 | Q18: 49.71902 | R18: 119 | S18: 3.98 | T18: =T17+S18 -> 18.18 | U18: =IFERROR(ROUND(S18/M18 *100,2),0) -> 198.84
A19: 46097 | B19: 15 | C19: 0.28125 | D19: =D18+C19 -> 4.4486111 | E19: 13.361538 | F19: 13.692308 | G19: 13 | H19: =ROUND(E19*F19*1.84*(G19/60)*0.01,2) -> 0.73 | I19: 18 | J19: 0.14846154 | K19: 13 | L19: =I19*J19*1.84*(K19/60)*0.01 -> 0.0106536 | M19: =H19-L19 -> 0.7193464 | N19: =N18+M19 -> 36.724594 | O19: =ROUND(M19/H19*100,2) -> 98.54 | P19: 1.7214286 | Q19: 5.4480952 | R19: 28 | S19: 0.15 | T19: =T18+S19 -> 18.33 | U19: =IFERROR(ROUND(S19/M19 *100,2),0) -> 20.85
A20: 46098 | B20: 16 | C20: 0.25972222 | D20: =D19+C20 -> 4.7083333 | E20: 17.426316 | F20: 13.8 | G20: 19 | H20: =ROUND(E20*F20*1.84*(G20/60)*0.01,2) -> 1.4 | I20: 16 | J20: 0.11947368 | K20: 19 | L20: =I20*J20*1.84*(K20/60)*0.01 -> 0.011138133 | M20: =H20-L20 -> 1.3888619 | N20: =N19+M20 -> 38.113456 | O20: =ROUND(M20/H20*100,2) -> 99.2 | P20: 1.4 | Q20: 3.9227419 | R20: 31 | S20: 0.13 | T20: =T19+S20 -> 18.46 | U20: =IFERROR(ROUND(S20/M20 *100,2),0) -> 9.36
A21: 46099 | B21: 17 | C21: 0.22638889 | D21: 8.5284722 | E21: 14.185714 | F21: 13.878571 | G21: 14 | H21: =ROUND(E21*F21*1.84*(G21/60)*0.01,2) -> 0.85 | I21: 16 | J21: 0.2 | K21: 14 | L21: =I21*J21*1.84*(K21/60)*0.01 -> 0.013738667 | M21: =H21-L21 -> 0.83626133 | N21: =N20+M21 -> 38.949718 | O21: =ROUND(M21/H21*100,2) -> 98.38 | P21: 2.3923077 | Q21: 8.2163462 | R21: 26 | S21: 0.19 | T21: =T20+S21 -> 18.65 | U21: =IFERROR(ROUND(S21/M21 *100,2),0) -> 22.72
A22: 46100 | B22: 18 | C22: 0.30347222 | D22: =D21+C22 -> 8.8319444 | E22: 13.866667 | F22: 12.1 | G22: 18 | H22: =ROUND(E22*F22*1.84*(G22/60)*0.01,2) -> 0.93 | I22: 14 | J22: 0.064814815 | K22: 18 | L22: =I22*J22*1.84*(K22/60)*0.01 -> 0.0050088889 | M22: =H22-L22 -> 0.92499111 | N22: =N21+M22 -> 39.874709 | O22: =ROUND(M22/H22*100,2) -> 99.46 | P22: 1.26875 | Q22: 15.78224 | R22: 32 | S22: 0.01 | T22: =T21+S22 -> 18.66 | U22: =IFERROR(ROUND(S22/M22 *100,2),0) -> 1.08
A23: Total | D23: =D22 -> 8.8319444 | E23: =AVERAGE(E5:E22) -> 20.04083 | H23: =AVERAGE(H5:H22) -> 2.2272222 | L23: =SUM(L5:L22) -> 0.21529129 | M23: =SUM(M5:M22) -> 39.874709 | N23: =N22 -> 39.874709 | O23: =AVERAGE(O5:O22) -> 99.318333 | T23: =T22 -> 18.66
B27: Time | L27: Adsorp | P27: Steam | AB27: Sorbent Aging
AB59: CO2 Capture&Recovery
AB86: CO2 Capture & Conc flue gas in

Sheet Run 3, 4, and 5
A1: Run 3,4, and 5
B3: Cycle | C3: Operating Hour | D3: Operating Hour Cumulative Run 3,4, and 5 | E3: CO₂In during adsorption | I3: CO₂Out during adsorption | M3: CO₂ Captured | P3: CO₂Regen during steaming
E4: Q (Nm³/h) | F4: C (vol%) | G4: T (min) | H4: CO₂ (kg) | I4: Q (Nm³/h) | J4: C (vol%) | K4: T (min) | L4: CO₂ (kg) | M4: CO₂ Captured Run 3,4, and 5 (Kg) | N4: CO₂ Captured Run 3,4, and 5 Cumulative (Kg) | O4: % Captured | P4: Q (Nm³/h) | Q4: C (vol%) | R4: T (min) | S4: CO₂ (kg) | T4: CO2 Recovery Run 3,4, and 5 Cumulative (Kg) | U4: % Recovery
A5: 46049 | B5: 1 | C5: 0.20486111 | D5: =C5 -> 0.20486111 | E5: 26.55 | F5: 11.807105 | G5: 38 | H5: =ROUND(E5*F5*1.84*(G5/60)*0.01,2) -> 3.65 | I5: 11.710526 | J5: 0.048421053 | K5: 38 | L5: =I5*J5*1.84*(K5/60)*0.01 -> 0.0066078596 | M5: =H5-L5 -> 3.6433921 | N5: =M5 -> 3.6433921 | O5: =ROUND(M5/H5*100,2) -> 99.82 | P5: 3.3 | Q5: 100 | R5: 5 | S5: 0.51 | T5: =S5 -> 0.51 | U5: =IFERROR(ROUND(S5/M5 *100,2),0) -> 14
A6: 46050 | B6: 2 | C6: 0.13402778 | D6: =D5+C6 -> 0.33888889 | E6: 16.666667 | F6: 12.885238 | G6: 21 | H6: =ROUND(E6*F6*1.84*(G6/60)*0.01,2) -> 1.38 | I6: 11.666667 | J6: 0.88952381 | K6: 21 | L6: =I6*J6*1.84*(K6/60)*0.01 -> 0.066832889 | M6: =H6-L6 -> 1.3131671 | N6: =N5+M6 -> 4.9565593 | O6: =ROUND(M6/H6*100,2) -> 95.16 | P6: 0.47111111 | Q6: 100 | R6: 45 | S6: 0.65 | T6: =T5+S6 -> 1.16 | U6: 4.77
A7: 46051 | B7: 3 | C7: 0.18263889 | D7: =D6+C7 -> 0.52152778 | E7: 25.422222 | F7: 12.93 | G7: 9 | H7: =ROUND(E7*F7*1.84*(G7/60)*0.01,2) -> 0.91 | I7: 11.333333 | J7: 0.12222222 | K7: 9 | L7: =I7*J7*1.84*(K7/60)*0.01 -> 0.0038231111 | M7: =H7-L7 -> 0.90617689 | N7: =N6+M7 -> 5.8627361 | O7: =ROUND(M7/H7*100,2) -> 99.58 | P7: 0 | Q7: 0 | R7: 0 | S7: 0 | T7: =T6+S7 -> 1.16 | U7: =IFERROR(ROUND(S7/M7 *100,2),0) -> 0
A8: 46055 | B8: 4 | C8: 0.23541667 | D8: =D7+C8 -> 0.75694444 | E8: 20.938182 | F8: 13 | G8: 110 | H8: =ROUND(E8*F8*1.84*(G8/60)*0.01,2) -> 9.18 | I8: 11.563636 | J8: 0.012636364 | K8: 110 | L8: =I8*J8*1.84*(K8/60)*0.01 -> 0.0049291927 | M8: =H8-L8 -> 9.1750708 | N8: =N7+M8 -> 15.037807 | O8: =ROUND(M8/H8*100,2) -> 99.95 | P8: 4.3454545 | Q8: 99.320909 | R8: 11 | S8: 1.46 | T8: =T7+S8 -> 2.62 | U8: =IFERROR(ROUND(S8/M8 *100,2),0) -> 15.91
A9: 46056 | B9: 5 | C9: 0.17291667 | D9: =D8+C9 -> 0.92986111 | E9: 15.269231 | F9: 12.507885 | G9: 52 | H9: 2.01 | I9: 15 | J9: 0.030961538 | K9: 52 | L9: =I9*J9*1.84*(K9/60)*0.01 -> 0.007406 | M9: =H9-L9 -> 2.002594 | N9: =N8+M9 -> 17.040401 | O9: =ROUND(M9/H9*100,2) -> 99.63 | P9: - | Q9: - | R9: - | S9: 0 | T9: =T8+S9 -> 2.62 | U9: =IFERROR(ROUND(S9/M9 *100,2),0) -> 0
A10: 46057 | B10: 6 | C10: 0.21944444 | D10: =D9+C10 -> 1.1493056 | E10: 15.4 | F10: 13.014808 | G10: 52 | H10: =ROUND(E10*F10*1.84*(G10/60)*0.01,2) -> 3.2 | I10: 13.923077 | J10: 0.038653846 | K10: 52 | L10: =I10*J10*1.84*(K10/60)*0.01 -> 0.0085821846 | M10: =H10-L10 -> 3.1914178 | N10: =N9+M10 -> 20.231819 | O10: =ROUND(M10/H10*100,2) -> 99.73 | P10: 5.7857143 | Q10: 99.764286 | R10: 7 | S10: 1.24 | T10: =T9+S10 -> 3.86 | U10: =IFERROR(ROUND(S10/M10 *100,2),0) -> 38.85
A11: 46058 | B11: 7 | C11: 0.19861111 | D11: =D10+C11 -> 1.3479167 | E11: 23.320313 | F11: 12.901094 | G11: 64 | H11: =ROUND(E11*F11*1.84*(G11/60)*0.01,2) -> 5.9 | I11: 13 | J11: 0.0403125 | K11: 64 | L11: =I11*J11*1.84*(K11/60)*0.01 -> 0.0102856 | M11: =H11-L11 -> 5.8897144 | N11: =N10+M11 -> 26.121533 | O11: =ROUND(M11/H11*100,2) -> 99.83 | P11: 4.125 | Q11: 97.515 | R11: 12 | S11: 1.48 | T11: =T10+S11 -> 5.34 | U11: =IFERROR(ROUND(S11/M11 *100,2),0) -> 25.13
A12: 46059 | B12: 8 | C12: 0.27430556 | D12: =D11+C12 -> 1.6222222 | E12: 27.169231 | F12: 12.39 | G12: 52 | H12: =ROUND(E12*F12*1.84*(G12/60)*0.01,2) -> 5.37 | I12: 13.807692 | J12: 0.025576923 | K12: 52 | L12: =I12*J12*1.84*(K12/60)*0.01 -> 0.0056316974 | M12: =H12-L12 -> 5.3643683 | N12: =N11+M12 -> 31.485901 | O12: =ROUND(M12/H12*100,2) -> 99.9 | P12: 2.6466667 | Q12: 99.460667 | R12: 15 | S12: 1.21 | T12: =T11+S12 -> 6.55 | U12: =IFERROR(ROUND(S12/M12 *100,2),0) -> 22.56
A13: 46062 | B13: 9 | C13: 0.25625 | D13: =D12+C13 -> 1.8784722 | E13: 22.31746 | F13: 12.488254 | G13: 63 | H13: =ROUND(E13*F13*1.84*(G13/60)*0.01,2) -> 5.38 | I13: 13.47619 | J13: 0.027619048 | K13: 63 | L13: =I13*J13*1.84*(K13/60)*0.01 -> 0.0071908952 | M13: =H13-L13 -> 5.3728091 | N13: =N12+M13 -> 36.858711 | O13: =ROUND(M13/H13*100,2) -> 99.87 | P13: 2.5466667 | Q13: 56.583389 | R13: 30 | S13: 1.33 | T13: =T12+S13 -> 7.88 | U13: =IFERROR(ROUND(S13/M13 *100,2),0) -> 24.75
A14: 46063 | B14: 10 | C14: 0.15 | D14: =D13+C14 -> 2.0284722 | E14: 24.038983 | F14: 12.311356 | G14: 59 | H14: =ROUND(E14*F14*1.84*(G14/60)*0.01,2) -> 5.35 | I14: 13.677966 | J14: 0.021864407 | K14: 59 | L14: =I14*J14*1.84*(K14/60)*0.01 -> 0.0054110034 | M14: =H14-L14 -> 5.344589 | N14: =N13+M14 -> 42.2033 | O14: =ROUND(M14/H14*100,2) -> 99.9 | P14: 1.8076923 | Q14: 79.864006 | R14: 52 | S14: 2.3 | T14: =T13+S14 -> 10.18 | U14: =IFERROR(ROUND(S14/M14 *100,2),0) -> 43.03
A15: 46064 | B15: 11 | C15: 0.26805556 | D15: =D14+C15 -> 2.2965278 | E15: 23.098529 | F15: 12.578529 | G15: 68 | H15: =ROUND(E15*F15*1.84*(G15/60)*0.01,2) -> 6.06 | I15: 11.882353 | J15: 0.039705882 | K15: 68 | L15: =I15*J15*1.84*(K15/60)*0.01 -> 0.0098385882 | M15: =H15-L15 -> 6.0501614 | N15: =N14+M15 -> 48.253461 | O15: =ROUND(M15/H15*100,2) -> 99.84 | P15: 0.66730769 | Q15: 55.612532 | R15: 104 | S15: 1.18 | T15: =T14+S15 -> 11.36 | U15: =IFERROR(ROUND(S15/M15 *100,2),0) -> 19.5
A16: 46065 | B16: 12 | C16: 0.32430556 | D16: =D15+C16 -> 2.6208333 | E16: 15.622449 | F16: 14.55 | G16: 49 | H16: =ROUND(E16*F16*1.84*(G16/60)*0.01,2) -> 3.42 | I16: 17.489796 | J16: 0.02755102 | K16: 49 | L16: =I16*J16*1.84*(K16/60)*0.01 -> 0.0072407755 | M16: =H16-L16 -> 3.4127592 | N16: =N15+M16 -> 51.66622 | O16: =ROUND(M16/H16*100,2) -> 99.79 | P16: 1.5452381 | Q16: 47.983016 | R16: 42 | S16: 0.95 | T16: =T15+S16 -> 12.31 | U16: =IFERROR(ROUND(S16/M16 *100,2),0) -> 27.84
A17: 46066 | B17: 13 | C17: 0.22777778 | D17: =D16+C17 -> 2.8486111 | E17: 22.473913 | F17: 11.725435 | G17: 46 | H17: =ROUND(E17*F17*1.84*(G17/60)*0.01,2) -> 3.72 | I17: 14 | J17: 0.022826087 | K17: 46 | L17: =I17*J17*1.84*(K17/60)*0.01 -> 0.004508 | M17: =H17-L17 -> 3.715492 | N17: =N16+M17 -> 55.381712 | O17: =ROUND(M17/H17*100,2) -> 99.88 | P17: 1.2090909 | Q17: 27.986061 | R17: 44 | S17: 0.46 | T17: =T16+S17 -> 12.77 | U17: =IFERROR(ROUND(S17/M17 *100,2),0) -> 12.38
A18: 46069 | B18: 14 | C18: 0.26319444 | D18: =D17+C18 -> 3.1118056 | E18: 21.26087 | F18: 11.517101 | G18: 69 | H18: =ROUND(E18*F18*1.84*(G18/60)*0.01,2) -> 5.18 | I18: 12.478261 | J18: 0.052608696 | K18: 69 | L18: =I18*J18*1.84*(K18/60)*0.01 -> 0.0138908 | M18: =H18-L18 -> 5.1661092 | N18: =N17+M18 -> 60.547821 | O18: =ROUND(M18/H18*100,2) -> 99.73 | P18: 2.0003257 | Q18: 33.547752 | R18: 51.166667 | S18: 1.05 | T18: =T17+S18 -> 13.82 | U18: =IFERROR(ROUND(S18/M18 *100,2),0) -> 20.32
A19: 46070 | B19: 15 | C19: 0.24722222 | D19: =D18+C19 -> 3.3590278 | E19: 22.272464 | F19: 11.372754 | G19: 69 | H19: =ROUND(E19*F19*1.84*(G19/60)*0.01,2) -> 5.36 | I19: 12.478261 | J19: 0.052608696 | K19: 69 | L19: =I19*J19*1.84*(K19/60)*0.01 -> 0.0138908 | M19: =H19-L19 -> 5.3461092 | N19: =N18+M19 -> 65.893931 | O19: =ROUND(M19/H19*100,2) -> 99.74 | P19: 2.1680851 | Q19: 57.502979 | R19: 47 | S19: 1.8 | T19: =T18+S19 -> 15.62 | U19: =IFERROR(ROUND(S19/M19 *100,2),0) -> 33.67
A20: 46071 | B20: 16 | C20: 0.23472222 | D20: =D19+C20 -> 3.59375 | E20: 21.814286 | F20: 11.474921 | G20: 63 | H20: =ROUND(E20*F20*1.84*(G20/60)*0.01,2) -> 4.84 | I20: 12.952381 | J20: 0.028412698 | K20: 63 | L20: =I20*J20*1.84*(K20/60)*0.01 -> 0.0071099937 | M20: =H20-L20 -> 4.83289 | N20: =N19+M20 -> 70.726821 | O20: =ROUND(M20/H20*100,2) -> 99.85 | P20: 2.296 | Q20: 31.674067 | R20: 25 | S20: 0.56 | T20: =T19+S20 -> 16.18 | U20: =IFERROR(ROUND(S20/M20 *100,2),0) -> 11.59
A21: 46076 | B21: 17 | C21: 0.22916667 | D21: =D20+C21 -> 3.8229167 | E21: 24.9 | F21: 11.772439 | G21: 41 | H21: =ROUND(E21*F21*1.84*(G21/60)*0.01,2) -> 3.69 | I21: 14.512195 | J21: 0.071707317 | K21: 41 | L21: =I21*J21*1.84*(K21/60)*0.01 -> 0.013084195 | M21: =H21-L21 -> 3.6769158 | N21: =N20+M21 -> 74.403736 | O21: =ROUND(M21/H21*100,2) -> 99.65 | P21: 2.4837209 | Q21: 22.486783 | R21: 43 | S21: 1.1 | T21: =T20+S21 -> 17.28 | U21: =IFERROR(ROUND(S21/M21 *100,2),0) -> 29.92
... A38: 46100 | B38: 34 | C38: 0.30347222 | D38: =D37+C38 -> 8.8319444 | E38: 13.866667 | F38: 12.1 | G38: 18 | H38: =ROUND(E38*F38*1.84*(G38/60)*0.01,2) -> 0.93 | I38: 14 | J38: 0.064814815 | K38: 18 | L38: =I38*J38*1.84*(K38/60)*0.01 -> 0.0050088889 | M38: =H38-L38 -> 0.92499111 | N38: =N37+M38 -> 110.75153 | O38: =ROUND(M38/H38*100,2) -> 99.46 | P38: 1.26875 | Q38: 15.78224 | R38: 32 | S38: 0.01 | T38: =T37+S38 -> 34.84 | U38: =IFERROR(ROUND(S38/M38 *100,2),0) -> 1.08
A39: Total | D39: =D38 -> 8.8319444 | H39: =AVERAGE(H5:H38) -> 3.2691176 | L39: =SUM(L5:L25) -> 0.23297944 | N39: =N38 -> 110.75153 | O39: =AVERAGE(O5:O25) -> 99.554762 | T39: =T23 -> 18.23
B43: Time | L43: Adsorp | P43: Steam | AB43: Sorbent Aging
B71: Run 3 | D71: Run 4 | F71: Run 5
A72: x = 1 | B72: =(-0.0111*1 + 0.1961) *24 -> 4.44 | C72: x = 4 | D72: =(0.0041*4 + 0.1956)*24 -> 5.088 | E72: x = 17 | F72: =(-0.0013*17 + 0.3227) *24 -> 7.2144
A73: x = 3 | B73: =(-0.0111*3 + 0.1961) *24 -> 3.9072 | C73: x = 16 | D73: =(0.0041*16 + 0.2012)*24 -> 6.4032 | E73: x = 34 | F73: =(-0.0013*34 + 0.3227) *24 -> 6.684 | AG73: kg
AB74: y = -0.1087x + 5.1591 | AE74: x = 1 | AF74: y | AG74: =-0.1087*1 + 5.1591 -> 5.0504 | AI74: =(AG74-AG75)/AG74*100 -> 2.1523048
AE75: x = 2 | AF75: y | AG75: =-0.1087*2 + 5.1591 -> 4.9417

Sheet All Run
Q1: Sorbent Aging follow equation in final report
B2: Operating Hours | C2: Hours | E2: CO₂ Capture Cumulatives | F2: Kg | H2: CO₂ Out Cumulatives | I2: Kg | L2: CO₂ Recovery Cumulatives | M2: Kg | Q2: Run 1 | R2: =-0.1615*1+8.3 -> 8.1385 | S2: =(R2-R3)/R2 *100 -> 1.9843952 | BW2: Cycle | BX2: % Captured | BZ2: Cycle | CA2: % Recovery
B3: Run 1 Gen 1 | C3: ='Run 1 Gen 1 '!D37 -> 7.1701389 | E3: Run 1 Gen 1 | F3: ='Run 1 Gen 1 '!U37 -> 173.8931 | H3: Run 1 Gen 1 | I3: 0.014 | L3: Run 1 Gen 1 | M3: ='Run 1 Gen 1 '!AD37 -> 15.346525 | R3: =-0.1615*2+8.3 -> 7.977
B4: Run 2 Gen 1+2 | C4: ='Run 2 Gen 1+2'!D43 -> 8.8868056 | E4: Run 2 Gen 1+2 | F4: ='Run 2 Gen 1+2'!N43 -> 164.26488 | H4: Run 2 Gen 1+2 | I4: 0.48 | L4: Run 2 Gen 1+2 | M4: ='Run 2 Gen 1+2'!T42 -> 20.35 | Q4: Run 2 | R4: =-0.1273*1+10.625 -> 10.4977 | S4: =(R4-R5)/R4 *100 -> 1.2126466 | BW4: 1 | BX4: 100 | BZ4: 1 | CA4: 5.08
B5: Run 3 Zeolite | C5: ='Run 3 Zeolite '!D8 -> 0.52152778 | E5: Run 3 Zeolite | F5: ='Run 3 Zeolite '!N8 -> 5.8627361 | H5: Run 3 Zeolite | I5: 0.077 | L5: Run 3 Zeolite | M5: ='Run 3 Zeolite '!T7 -> 1.16 | R5: =-0.1273*2+10.625 -> 10.3704 | BW5: 2 | BX5: 100 | BZ5: 2 | CA5: 2.04
B6: Run 4 Gen 1 + Zeolite | C6: ='Run 4 Gen 1 + Zeolite '!$D$18 -> 3.0722222 | E6: Run 4 Gen 1 + Zeolite | F6: ='Run 4 Gen 1 + Zeolite '!N18 -> 65.904084 | H6: Run 4 Gen 1 + Zeolite | I6: 0.106 | L6: Run 4 Gen 1 + Zeolite | M6: ='Run 4 Gen 1 + Zeolite '!T17 -> 15.02 | Q6: Run 4 | R6: =-0.09*1+12.092 -> 12.002 | S6: =(R6-R7)/R6 *100 -> 0.74987502 | BW6: 3 | BX6: 99.99 | BZ6: 3 | CA6: 6.89
B7: Run 5 Gen 1 + Gen 2.2 + Zeolite | C7: ='Run 5 Gen 1+Gen 2.2+ Zeolite'!D23 -> 8.8319444 | E7: Run 5 Gen 1 + Gen 2.2 + Zeolite | F7: ='Run 5 Gen 1+Gen 2.2+ Zeolite'!N23 -> 39.874709 | H7: Run 5 Gen 1 + Gen 2.2 + Zeolite | I7: 0.215 | L7: Run 5 Gen 1 + Gen 2.2 + Zeolite | M7: ='Run 5 Gen 1+Gen 2.2+ Zeolite'!T23 -> 18.66 | R7: =-0.09*2+12.092 -> 11.912 | BW7: 4 | BX7: 100 | BZ7: 4 | CA7: 5.67
B8: Total | C8: =SUM(C3:C7) -> 28.482639 | E8: Total | F8: =SUM(F3:F7) -> 449.79951 | H8: Total | I8: =SUM(I3:I7) -> 0.892 | L8: Total | M8: =SUM(M3:M7) -> 70.536525 | Q8: Run 5 | R8: =-0.1731*1+18.399 -> 18.2259 | S8: =(R8-R9)/R8 *100 -> 0.94974734 | BW8: 5 | BX8: 100 | BZ8: 5 | CA8: -
R9: =-0.1731*2+18.399 -> 18.0528 | BW9: 6 | BX9: 100 | BZ9: 6 | CA9: 24.82
BW10: 7 | BX10: - | BZ10: 7 | CA10: -
B11: Q Flue Gas In | C11: Nm3/hr | E11: CO₂ Capture | F11: Kg | L11: Average CO₂ Recovery % | M11: % | BW11: 8 | BX11: 100 | BZ11: 8 | CA11: 16.95
B12: Run 1 Gen 1 | C12: ='Run 1 Gen 1 '!E37 -> 20.59404 | E12: Run 1 Gen 1 | F12: ='Run 1 Gen 1 '!K37 -> 4.7206735 | L12: Run 1 Gen 1 | M12: 9.24 | BW12: 9 | BX12: 100 | BZ12: 9 | CA12: 9.86
B13: Run 2 Gen 1+2 | C13: ='Run 2 Gen 1+2'!E43 -> 21.219527 | E13: Run 2 Gen 1+2 | F13: ='Run 2 Gen 1+2'!H43 -> 4.3352632 | L13: Run 2 Gen 1+2 | M13: 22.78 | BW13: 10 | BX13: 99.99 | BZ13: 10 | CA13: 6.01
B14: Run 3 Zeolite | C14: ='Run 3 Zeolite '!E8 -> 22.87963 | E14: Run 3 Zeolite | F14: ='Run 3 Zeolite '!H8 -> 1.98 | L14: Run 3 Zeolite | M14: 21.16 | BW14: 11 | BX14: 99.99 | BZ14: 11 | CA14: 12.22
B15: Run 4 Gen 1 + Zeolite | C15: ='Run 4 Gen 1 + Zeolite '!E18 -> 21.153532 | E15: Run 4 Gen 1 + Zeolite | F15: ='Run 4 Gen 1 + Zeolite '!H18 -> 5.0776923 | L15: Run 4 Gen 1 + Zeolite | M15: 24.63 | BW15: 12 | BX15: 99.99 | BZ15: 12 | CA15: 11.15
B16: Run 5 Gen 1 + Gen 2.2 + Zeolite | C16: ='Run 5 Gen 1+Gen 2.2+ Zeolite'!E23 -> 20.04083 | E16: Run 5 Gen 1 + Gen 2.2 + Zeolite | F16: ='Run 5 Gen 1+Gen 2.2+ Zeolite'!H23 -> 2.2272222 | L16: Run 5 Gen 1 + Gen 2.2 + Zeolite | M16: 51.19 | BW16: 13 | BX16: 100 | BZ16: 13 | CA16: 8.76
B17: Total | C17: =SUM(C12:C16) -> 105.88756 | E17: Total | F17: =SUM(F12:F16) -> 18.340851 | L17: Total | M17: =AVERAGE(M12:M16) -> 25.8 | BW17: 14 | BX17: 99.99 | BZ17: 14 | CA17: 13.1
BW18: 15 | BX18: 99.97 | BZ18: 15 | CA18: 19.82
E19: CO₂ Capture Efficiency | F19: % | L19: CO₂ Recovery Efficiency | M19: % | BW19: 16 | BX19: 100 | BZ19: 16 | CA19: 5.34
E20: CO₂ Capture Efficiency | F20: ='All Run w Tables'!O107 -> 99.5384 | L20: CO₂ Recovery Efficiency | M20: ='All Run w Tables'!U107 -> 41.411379 | BW20: 17 | BX20: - | BZ20: 17 | CA20: -
BW21: 18 | BX21: 99.99 | BZ21: 18 | CA21: 9.76
BW22: 19 | BX22: 99.99 | BZ22: 19 | CA22: 12.97
B23: Run | C23: CO₂_Capture_Kg | D23: CO₂_Recovery_Kg | BW23: 20 | BX23: 99.99 | BZ23: 20 | CA23: 4.46
B24: Run 1 Gen 1 | C24: 173.8931 | D24: 15.346525 | BW24: 21 | BX24: 99.95 | BZ24: 21 | CA24: 10.97
B25: Run 2 Gen 1+2 | C25: 164.26488 | D25: 20.35 | BW25: 22 | BX25: 99.99 | BZ25: 22 | CA25: 16.08
B26: Run 3 Zeolite | C26: 5.8627361 | D26: 1.16 | BW26: 23 | BX26: 99.99 | BZ26: 23 | CA26: 9.94
B27: Run 4 Gen 1 + Zeolite | C27: 65.904084 | D27: 15.02 | BW27: 24 | BX27: 99.95 | BZ27: 24 | CA27: 8.16
B28: Run 5 Gen 1 + Gen 2.2 + Zeolite | C28: 39.874709 | D28: 18.66 | BW28: 25 | BX28: 99.99 | BZ28: 25 | CA28: 7.52
BW29: 26 | BX29: 99.99 | BZ29: 26 | CA29: 7.29
BW30: 27 | BX30: 100 | BZ30: 27 | CA30: 6.35
BW31: 28 | BX31: 100 | BZ31: 28 | CA31: 8.51
BW32: 29 | BX32: 99.98 | BZ32: 29 | CA32: 2.22
BW33: 30 | BX33: 99.99 | BZ33: 30 | CA33: 6.64
BW34: 31 | BX34: 100 | BZ34: 31 | CA34: 5.61
BW35: 32 | BX35: 100 | BZ35: 32 | CA35: 2
BW36: 33 | BX36: 100 | BZ36: 33 | CA36: 2.91
BW37: 34 | BX37: 99.98 | BZ37: 34 | CA37: 4.84
BW38: 35 | BX38: 99.99 | BZ38: 35 | CA38: 2.39
BW39: 36 | BX39: 100 | BZ39: 36 | CA39: 2.51
B40: CO2 Capture | V40: CO2 Recovery | AM40: Operating Hour | BE40: Sorbent Aging | BW40: 37 | BX40: 100 | BZ40: 37 | CA40: 3.8
BW41: 38 | BX41: 100 | BZ41: 38 | CA41: 5.62
BW42: 39 | BX42: 100 | BZ42: 39 | CA42: -
BW43: 40 | BX43: 100 | BZ43: 40 | CA43: 6.4
BW44: 41 | BX44: 100 | BZ44: 41 | CA44: 46.67
BW45: 42 | BX45: 99.38 | BZ45: 42 | CA45: 3.47
BW46: 43 | BX46: 98.9 | BZ46: 43 | CA46: 3.82
BW47: 44 | BX47: 91.65 | BZ47: 44 | CA47: 54.55
BW48: 45 | BX48: 94.4 | BZ48: 45 | CA48: 74.91
BW49: 46 | BX49: 98.95 | BZ49: 46 | CA49: 51.55
BW50: 47 | BX50: 99.7 | BZ50: 47 | CA50: 18.69
BW51: 48 | BX51: 99.8 | BZ51: 48 | CA51: 12.08
BW52: 49 | BX52: 99.69 | BZ52: 49 | CA52: 16.06
BW53: 50 | BX53: 99.76 | BZ53: 50 | CA53: 11.98
BW54: 51 | BX54: 99.84 | BZ54: 51 | CA54: 13.66
... BW64: 61 | BX64: 99.93 | BZ64: 61 | CA64: 8.94
B65: CO2 Capture Efficiency | V65: CO2 Recovey % | BW65: 62 | BX65: 99.56 | BZ65: 62 | CA65: 16.01
BW66: 63 | BX66: 99.41 | BZ66: 63 | CA66: 30.22
BW67: 64 | BX67: 99.03 | BZ67: 64 | CA67: 98.61
BW68: 65 | BX68: 98.96 | BZ68: 65 | CA68: 44.7
BW69: 66 | BX69: 98.8 | BZ69: 66 | CA69: 72.3
BW70: 67 | BX70: 99.53 | BZ70: 67 | CA70: 26.47
BW71: 68 | BX71: 99.67 | BZ71: 68 | CA71: 56.79
BW72: 69 | BX72: 99.82 | BZ72: 69 | CA72: 14
BW73: 70 | BX73: 95.16 | BZ73: 70 | CA73: 49.5
BW74: 71 | BX74: 99.58 | BZ74: 71 | CA74: -
BW75: 72 | BX75: 99.95 | BZ75: 72 | CA75: 15.91
BW76: 73 | BX76: 99.76 | BZ76: 73 | CA76: -
BW77: 74 | BX77: 99.73 | BZ77: 74 | CA77: 38.85
BW78: 75 | BX78: 99.83 | BZ78: 75 | CA78: 25.13
BW79: 76 | BX79: 99.9 | BZ79: 76 | CA79: 22.56
BW80: 77 | BX80: 99.87 | BZ80: 77 | CA80: 24.75
BW81: 78 | BX81: 99.9 | BZ81: 78 | CA81: 43.03
BW82: 79 | BX82: 99.84 | BZ82: 79 | CA82: 19.5
BW83: 80 | BX83: 99.79 | BZ83: 80 | CA83: 27.84
BW84: 81 | BX84: 99.88 | BZ84: 81 | CA84: 12.38
BW85: 82 | BX85: 99.73 | BZ85: 82 | CA85: 20.32
BW86: 83 | BX86: 99.74 | BZ86: 83 | CA86: 33.67
BW87: 84 | BX87: 99.85 | BZ87: 84 | CA87: 11.59
BW88: 85 | BX88: 99.65 | BZ88: 85 | CA88: 29.92
B89: CO2 Out | BW89: 86 | BX89: 99.5 | BZ89: 86 | CA89: 4.77
BW90: 87 | BX90: 99.8 | BZ90: 87 | CA90: 24.54
BW91: 88 | BX91: 99.92 | BZ91: 88 | CA91: 22.74
BW92: 89 | BX92: 99.55 | BZ92: 89 | CA92: 29.99
BW93: 90 | BX93: 99.65 | BZ93: 90 | CA93: 24.14
BW94: 91 | BX94: 99.37 | BZ94: 91 | CA94: 145.42
BW95: 92 | BX95: 99.53 | BZ95: 92 | CA95: 19.47
BW96: 93 | BX96: 99.1 | BZ96: 93 | CA96: 2.59
BW97: 94 | BX97: 99.18 | BZ97: 94 | CA97: 34.58
BW98: 95 | BX98: 99.18 | BZ98: 95 | CA98: 41.4
BW99: 96 | BX99: 99.43 | BZ99: 96 | CA99: 153.59
BW100: 97 | BX100: 99.2 | BZ100: 97 | CA100: 135.31
BW101: 98 | BX101: 99.09 | BZ101: 98 | CA101: 198.84
... BW105: 102 | BX105: 99.46 | BZ105: 102 | CA105: 1.08
B139: Q Flue Gas In & CO2 Capture | L139: Concentration Flue Gas In & CO2 Capture
L164: Insight: High inlet concentration High CO₂ capture

Sheet All Run w Tables
A1: All Run
B3: Cycle | C3: Operating Hour | D3: Operating Hour Cumulative | E3: CO₂In during adsorption | I3: CO₂Out during adsorption | M3: CO₂ Captured | P3: CO₂Regen during steaming
E4: Q (Nm³/h) | F4: C (vol%) | G4: T (min) | H4: CO₂ (kg) | I4: Q (Nm³/h) | J4: C (vol%) | K4: T (min) | L4: CO₂ (kg) | M4: CO₂ Captured (Kg) | N4: CO₂ Captured Cumulative (Kg) | O4: % Captured | P4: Q (Nm³/h) | Q4: C (vol%) | R4: T (min) | S4: CO₂ Recovery (kg) | T4: CO2 Recovery Cumulative (Kg) | U4: % Recovery
A5: 45903 | B5: 1 | C5: 0.27916667 | D5: 0.27916667 | E5: 18.08 | F5: 14.9 | G5: 48 | H5: =E5*F5*1.84*(G5/60)*0.01 -> 3.9654502 | I5: 15 | J5: 0.0005 | K5: 48 | L5: =I5*J5*1.84*(K5/60)*0.01 -> 0.0001104 | M5: =H5-L5 -> 3.9653398 | N5: =M5 -> 3.9653398 | O5: =ROUND(M5/H5*100,2) -> 100 | P5: 0.20002732 | Q5: 53.88 | R5: 61 | S5: =P5*Q5*1.84*(R5/60)*0.01 -> 0.20161058 | T5: =S5 -> 0.20161058 | U5: =IFERROR(ROUND(S5/M5 *100,2),0) -> 5.08
A6: 45905 | B6: 2 | C6: 0.33472222 | D6: =D5+C6 -> 0.61388889 | E6: 15.32 | F6: 14.9 | G6: 141 | H6: =E6*F6*1.84*(G6/60)*0.01 -> 9.8703083 | I6: 15 | J6: 0.00015898585 | K6: 141 | L6: =I6*J6*1.84*(K6/60)*0.01 -> 0.00010311822 | M6: =H6-L6 -> 9.8702052 | N6: =N5+M6 -> 13.835545 | O6: =ROUND(M6/H6*100,2) -> 100 | P6: 0.20002732 | Q6: 53.88 | R6: 61 | S6: =P6*Q6*1.84*(R6/60)*0.01 -> 0.20161058 | T6: =T5+S6 -> 0.40322116 | U6: =IFERROR(ROUND(S6/M6 *100,2),0) -> 2.04
A7: 45908 | B7: 3 | C7: 0.24722222 | D7: =D6+C7 -> 0.86111111 | E7: 16.68 | F7: 14.9 | G7: 92 | H7: =E7*F7*1.84*(G7/60)*0.01 -> 7.0119162 | I7: 15 | J7: 0.0016 | K7: 92 | L7: =I7*J7*1.84*(K7/60)*0.01 -> 0.00067712 | M7: =H7-L7 -> 7.011239 | N7: =N6+M7 -> 20.846784 | O7: =ROUND(M7/H7*100,2) -> 99.99 | P7: 0.5 | Q7: 53.88 | R7: 58.5 | S7: =P7*Q7*1.84*(R7/60)*0.01 -> 0.4833036 | T7: =T6+S7 -> 0.88652476 | U7: =IFERROR(ROUND(S7/M7 *100,2),0) -> 6.89
A8: 45909 | B8: 4 | C8: 0.28055556 | D8: =D7+C8 -> 1.1416667 | E8: 16.57 | F8: 14.9 | G8: 107.16667 | H8: =E8*F8*1.84*(G8/60)*0.01 -> 8.1140013 | I8: 15 | J8: 0.00059543478 | K8: 107.16667 | L8: =I8*J8*1.84*(K8/60)*0.01 -> 0.0002935295 | M8: =H8-L8 -> 8.1137078 | N8: =N7+M8 -> 28.960492 | O8: =ROUND(M8/H8*100,2) -> 100 | P8: 0.45699454 | Q8: 53.88 | R8: 61 | S8: =ROUND(P8*Q8*1.84*(R8/60)*0.01,2) -> 0.46 | T8: =T7+S8 -> 1.3465248 | U8: =IFERROR(ROUND(S8/M8 *100,2),0) -> 5.67
A9: 45911 | B9: 5 | C9: 0.27222222 | D9: =D8+C9 -> 1.4138889 | E9: 16.08 | F9: 14.9 | G9: 292 | H9: =E9*F9*1.84*(G9/60)*0.01 -> 21.454665 | I9: 5 | J9: 0.0005 | K9: 292 | L9: =I9*J9*1.84*(K9/60)*0.01 -> 0.00022386667 | M9: =H9-L9 -> 21.454441 | N9: =N8+M9 -> 50.414933 | O9: =ROUND(M9/H9*100,2) -> 100 | P9: - | Q9: - | R9: - | S9: 0 | T9: =T8+S9 -> 1.3465248 | U9: =IFERROR(ROUND(S9/M9 *100,2),0) -> 0
A10: 45912 | B10: 6 | C10: 0.22152778 | D10: =D9+C10 -> 1.6354167 | E10: 26.75 | F10: 14.9 | G10: 44.833333 | H10: =E10*F10*1.84*(G10/60)*0.01 -> 5.4799634 | I10: 15 | J10: 4.0222222e-05 | K10: 44.833333 | L10: =I10*J10*1.84*(K10/60)*0.01 -> 8.295163e-06 | M10: =H10-L10 -> 5.4799551 | N10: =N9+M10 -> 55.894888 | O10: =ROUND(M10/H10*100,2) -> 100 | P10: 1.0832895 | Q10: 53.88 | R10: 76 | S10: =ROUND(P10*Q10*1.84*(R10/60)*0.01,2) -> 1.36 | T10: =T9+S10 -> 2.7065248 | U10: =IFERROR(ROUND(S10/M10 *100,2),0) -> 24.82
A11: 45915 | B11: 7 | C11: 0.29652778 | D11: =D10+C11 -> 1.9319444 | E11: - | F11: 14.9 | G11: - | H11: - | I11: - | J11: - | K11: - | L11: - | M11: 0 | N11: =N10+M11 -> 55.894888 | O11: - | P11: 1.34 | Q11: 53.88 | R11: 60.833333 | S11: =ROUND(P11*Q11*1.84*(R11/60)*0.01,2) -> 1.35 | T11: =T10+S11 -> 4.0565248 | U11: =IFERROR(ROUND(S11/M11 *100,2),0) -> 0
A12: 45916 | B12: 8 | C12: 0.27222222 | D12: =D11+C12 -> 2.2041667 | E12: 25.379024 | F12: 14.9 | G12: 68.166667 | H12: =E12*F12*1.84*(G12/60)*0.01 -> 7.9049626 | I12: 10.487805 | J12: 0.00069787805 | K12: 68.166667 | L12: =I12*J12*1.84*(K12/60)*0.01 -> 0.00015300399 | M12: =H12-L12 -> 7.9048096 | N12: =N11+M12 -> 63.799698 | O12: =ROUND(M12/H12*100,2) -> 100 | P12: 1.3312568 | Q12: 53.88 | R12: 61 | S12: =ROUND(P12*Q12*1.84*(R12/60)*0.01,2) -> 1.34 | T12: =T11+S12 -> 5.3965248 | U12: =IFERROR(ROUND(S12/M12 *100,2),0) -> 16.95
A13: 45922 | B13: 9 | C13: 0.24791667 | D13: =D12+C13 -> 2.4520833 | E13: 18.865612 | F13: 14.9 | G13: 78.833333 | H13: =E13*F13*1.84*(G13/60)*0.01 -> 6.795691 | I13: 12.860759 | J13: 0.00074373418 | K13: 78.833333 | L13: =I13*J13*1.84*(K13/60)*0.01 -> 0.00023123886 | M13: =H13-L13 -> 6.7954598 | N13: =N12+M13 -> 70.595157 | O13: =ROUND(M13/H13*100,2) -> 100 | P13: 0.98292683 | Q13: 53.88 | R13: 41 | S13: =ROUND(P13*Q13*1.84*(R13/60)*0.01,2) -> 0.67 | T13: =T12+S13 -> 6.0665248 | U13: =IFERROR(ROUND(S13/M13 *100,2),0) -> 9.86
A14: 45924 | B14: 10 | C14: 0.25416667 | D14: =D13+C14 -> 2.70625 | E14: 19.039614 | F14: 14.9 | G14: 68.833333 | H14: =E14*F14*1.84*(G14/60)*0.01 -> 5.9883858 | I14: 8.1698068 | J14: 0.0027598068 | K14: 68.833333 | L14: =I14*J14*1.84*(K14/60)*0.01 -> 0.00047594397 | M14: =H14-L14 -> 5.9879098 | N14: =N13+M14 -> 76.583067 | O14: =ROUND(M14/H14*100,2) -> 99.99 | P14: 0.35327869 | Q14: 53.88 | R14: 61 | S14: =ROUND(P14*Q14*1.84*(R14/60)*0.01,2) -> 0.36 | T14: =T13+S14 -> 6.4265248 | U14: =IFERROR(ROUND(S14/M14 *100,2),0) -> 6.01
A15: 45925 | B15: 11 | C15: 0.22361111 | D15: =D14+C15 -> 2.9298611 | E15: 17.254264 | F15: 14.9 | G15: 64.333333 | H15: =E15*F15*1.84*(G15/60)*0.01 -> 5.072071 | I15: 15.471318 | J15: 0.0008803876 | K15: 64.333333 | L15: =I15*J15*1.84*(K15/60)*0.01 -> 0.00026872239 | M15: =H15-L15 -> 5.0718023 | N15: =N14+M15 -> 81.65487 | O15: =ROUND(M15/H15*100,2) -> 99.99 | P15: 0.61743169 | Q15: 53.88 | R15: 61 | S15: =ROUND(P15*Q15*1.84*(R15/60)*0.01,2) -> 0.62 | T15: =T14+S15 -> 7.0465248 | U15: =IFERROR(ROUND(S15/M15 *100,2),0) -> 12.22
A16: 45926 | B16: 12 | C16: 0.21527778 | D16: =D15+C16 -> 3.1451389 | E16: 18.801327 | F16: 14.9 | G16: 75.166667 | H16: =E16*F16*1.84*(G16/60)*0.01 -> 6.4575332 | I16: 13.846903 | J16: 0.0012424336 | K16: 75.166667 | L16: =I16*J16*1.84*(K16/60)*0.01 -> 0.00039656803 | M16: =H16-L16 -> 6.4571366 | N16: =N15+M16 -> 88.112006 | O16: =ROUND(M16/H16*100,2) -> 99.99 | P16: 0.71112022 | Q16: 53.88 | R16: 61 | S16: =ROUND(P16*Q16*1.84*(R16/60)*0.01,2) -> 0.72 | T16: =T15+S16 -> 7.7665248 | U16: =IFERROR(ROUND(S16/M16 *100,2),0) -> 11.15
A17: 45929 | B17: 13 | C17: 0.25277778 | D17: =D16+C17 -> 3.3979167 | E17: 16.914676 | F17: 14.9 | G17: 97.5 | H17: =E17*F17*1.84*(G17/60)*0.01 -> 7.5356572 | I17: 8.1744027 | J17: 0.00047220137 | K17: 97.5 | L17: =I17*J17*1.84*(K17/60)*0.01 -> 0.00011541293 | M17: =H17-L17 -> 7.5355418 | N17: =N16+M17 -> 95.647548 | O17: =ROUND(M17/H17*100,2) -> 100 | P17: 0.64997268 | Q17: 53.88 | R17: 61 | S17: =ROUND(P17*Q17*1.84*(R17/60)*0.01,2) -> 0.66 | T17: =T16+S17 -> 8.4265248 | U17: =IFERROR(ROUND(S17/M17 *100,2),0) -> 8.76
A18: 45930 | B18: 14 | C18: 0.27291667 | D18: =D17+C18 -> 3.6708333 | E18: 16.450639 | F18: 14.9 | G18: 65 | H18: =E18*F18*1.84*(G18/60)*0.01 -> 4.8859496 | I18: 11.693095 | J18: 0.0012670844 | K18: 65 | L18: =I18*J18*1.84*(K18/60)*0.01 -> 0.00029533501 | M18: =H18-L18 -> 4.8856542 | N18: =N17+M18 -> 100.5332 | O18: =ROUND(M18/H18*100,2) -> 99.99 | P18: 0.63377049 | Q18: 53.88 | R18: 61 | S18: =ROUND(P18*Q18*1.84*(R18/60)*0.01,2) -> 0.64 | T18: =T17+S18 -> 9.0665248 | U18: =IFERROR(ROUND(S18/M18 *100,2),0) -> 13.1
A19: 45931 | B19: 15 | C19: 0.21944444 | D19: =D18+C19 -> 3.8902778 | E19: 14.8 | F19: 14.9 | G19: 50 | H19: =E19*F19*1.84*(G19/60)*0.01 -> 3.3813067 | I19: 11.76 | J19: 0.006 | K19: 50 | L19: =I19*J19*1.84*(K19/60)*0.01 -> 0.00108192 | M19: =H19-L19 -> 3.3802247 | N19: =N18+M19 -> 103.91343 | O19: =ROUND(M19/H19*100,2) -> 99.97 | P19: 0.6602459 | Q19: 53.88 | R19: 61 | S19: =ROUND(P19*Q19*1.84*(R19/60)*0.01,2) -> 0.67 | T19: =T18+S19 -> 9.7365248 | U19: =IFERROR(ROUND(S19/M19 *100,2),0) -> 19.82
A20: 45932 | B20: 16 | C20: 0.27083333 | D20: =D19+C20 -> 4.1611111 | E20: 17.334862 | F20: 14.9 | G20: 108.83333 | H20: =E20*F20*1.84*(G20/60)*0.01 -> 8.6205539 | I20: 9.4954128 | J20: 0.00086227829 | K20: 108.83333 | L20: =I20*J20*1.84*(K20/60)*0.01 -> 0.00027326865 | M20: =H20-L20 -> 8.6202806 | N20: =N19+M20 -> 112.53371 | O20: =ROUND(M20/H20*100,2) -> 100 | P20: 0.46010929 | Q20: 53.88 | R20: 61 | S20: =ROUND(P20*Q20*1.84*(R20/60)*0.01,2) -> 0.46 | T20: =T19+S20 -> 10.196525 | U20: =IFERROR(ROUND(S20/M20 *100,2),0) -> 5.34
A21: 45936 | B21: 17 | C21: 0.18472222 | D21: =D20+C21 -> 4.3458333 | E21: - | F21: 14.9 | G21: - | H21: - | I21: - | J21: - | K21: - | L21: - | M21: 0 | N21: =N20+M21 -> 112.53371 | O21: - | P21: 0.36491935 | Q21: 53.88 | R21: 62 | S21: =ROUND(P21*Q21*1.84*(R21/60)*0.01,2) -> 0.37 | T21: =T20+S21 -> 10.566525 | U21: =IFERROR(ROUND(S21/M21 *100,2),0) -> 0
A22: 45939 | B22: 18 | C22: 0.24166667 | D22: =D21+C22 -> 4.5875 | E22: 16.920426 | F22: 14.9 | G22: 78.166667 | H22: =E22*F22*1.84*(G22/60)*0.01 -> 6.0434609 | I22: 14.8 | J22: 0.0020828723 | K22: 78.166667 | L22: =I22*J22*1.84*(K22/60)*0.01 -> 0.00073894571 | M22: =H22-L22 -> 6.0427219 | N22: =N21+M22 -> 118.57643 | O22: =ROUND(M22/H22*100,2) -> 99.99 | P22: 0.58185792 | Q22: 53.88 | R22: 61 | S22: =ROUND(P22*Q22*1.84*(R22/60)*0.01,2) -> 0.59 | T22: =T21+S22 -> 11.156525 | U22: =IFERROR(ROUND(S22/M22 *100,2),0) -> 9.76
A23: 45940 | B23: 19 | C23: 0.22291667 | D23: =D22+C23 -> 4.8104167 | E23: 18.121246 | F23: 14.9 | G23: 58.666667 | H23: =E23*F23*1.84*(G23/60)*0.01 -> 4.8577182 | I23: 10.065156 | J23: 0.0036769688 | K23: 58.666667 | L23: =I23*J23*1.84*(K23/60)*0.01 -> 0.00066583779 | M23: =H23-L23 -> 4.8570524 | N23: =N22+M23 -> 123.43348 | O23: =ROUND(M23/H23*100,2) -> 99.99 | P23: 0.62551913 | Q23: 53.88 | R23: 61 | S23: =ROUND(P23*Q23*1.84*(R23/60)*0.01,2) -> 0.63 | T23: =T22+S23 -> 11.786525 | U23: =IFERROR(ROUND(S23/M23 *100,2),0) -> 12.97
A24: 45944 | B24: 20 | C24: 0.21666667 | D24: =D23+C24 -> 5.0270833 | E24: 19.65 | F24: 14.9 | G24: 110 | H24: =E24*F24*1.84*(G24/60)*0.01 -> 9.876614 | I24: 14.8 | J24: 0.0014 | K24: 110 | L24: =I24*J24*1.84*(K24/60)*0.01 -> 0.00069895467 | M24: =H24-L24 -> 9.875915 | N24: =N23+M24 -> 133.3094 | O24: =ROUND(M24/H24*100,2) -> 99.99 | P24: 0.43521858 | Q24: 53.88 | R24: 61 | S24: =ROUND(P24*Q24*1.84*(R24/60)*0.01,2) -> 0.44 | T24: =T23+S24 -> 12.226525 | U24: =IFERROR(ROUND(S24/M24 *100,2),0) -> 4.46
A25: 45945 | B25: 21 | C25: 0.17777778 | D25: =D24+C25 -> 5.2048611 | E25: 18.71 | F25: 14.9 | G25: 48 | H25: =E25*F25*1.84*(G25/60)*0.01 -> 4.1036269 | I25: 14.8 | J25: 0.01 | K25: 48 | L25: =I25*J25*1.84*(K25/60)*0.01 -> 0.00217856 | M25: =H25-L25 -> 4.1014483 | N25: =N24+M25 -> 137.41085 | O25: =ROUND(M25/H25*100,2) -> 99.95 | P25: 0.44204918 | Q25: 53.88 | R25: 61 | S25: =ROUND(P25*Q25*1.84*(R25/60)*0.01,2) -> 0.45 | T25: =T24+S25 -> 12.676525 | U25: =IFERROR(ROUND(S25/M25 *100,2),0) -> 10.97
A26: 45946 | B26: 22 | C26: 0.20486111 | D26: =D25+C26 -> 5.4097222 | E26: 18.3 | F26: 14.9 | G26: 40.166667 | H26: =E26*F26*1.84*(G26/60)*0.01 -> 3.3586885 | I26: 11.938017 | J26: 0.0014825207 | K26: 40.166667 | L26: =I26*J26*1.84*(K26/60)*0.01 -> 0.00021800442 | M26: =H26-L26 -> 3.3584705 | N26: =N25+M26 -> 140.76932 | O26: =ROUND(M26/H26*100,2) -> 99.99 | P26: 0.53855191 | Q26: 53.88 | R26: 61 | S26: =ROUND(P26*Q26*1.84*(R26/60)*0.01,2) -> 0.54 | T26: =T25+S26 -> 13.216525 | U26: =IFERROR(ROUND(S26/M26 *100,2),0) -> 16.08
A27: 45947 | B27: 23 | C27: 0.21597222 | D27: =D26+C27 -> 5.6256944 | E27: 25.425342 | F27: 14.9 | G27: 48.5 | H27: =E27*F27*1.84*(G27/60)*0.01 -> 5.6345779 | I27: 10.1 | J27: 0.0019673288 | K27: 48.5 | L27: =I27*J27*1.84*(K27/60)*0.01 -> 0.00029553344 | M27: =H27-L27 -> 5.6342824 | N27: =N26+M27 -> 146.4036 | O27: =ROUND(M27/H27*100,2) -> 99.99 | P27: 0.51671717 | Q27: 53.88 | R27: 66 | S27: =ROUND(P27*Q27*1.84*(R27/60)*0.01,2) -> 0.56 | T27: =T26+S27 -> 13.776525 | U27: =IFERROR(ROUND(S27/M27 *100,2),0) -> 9.94
A28: 45950 | B28: 24 | C28: 0.22777778 | D28: =D27+C28 -> 5.8534722 | E28: 12.457407 | F28: 14.9 | G28: 53.833333 | H28: =E28*F28*1.84*(G28/60)*0.01 -> 3.0643035 | I28: 14.8 | J28: 0.0063147222 | K28: 53.833333 | L28: =I28*J28*1.84*(K28/60)*0.01 -> 0.0015428859 | M28: =H28-L28 -> 3.0627606 | N28: =N27+M28 -> 149.46636 | O28: =ROUND(M28/H28*100,2) -> 99.95 | P28: 0.22681818 | Q28: 53.88 | R28: 66 | S28: =ROUND(P28*Q28*1.84*(R28/60)*0.01,2) -> 0.25 | T28: =T27+S28 -> 14.026525 | U28: =IFERROR(ROUND(S28/M28 *100,2),0) -> 8.16
A29: 45951 | B29: 25 | C29: 0.2125 | D29: =D28+C29 -> 6.0659722 | E29: 18.2891 | F29: 14.9 | G29: 35 | H29: =E29*F29*1.84*(G29/60)*0.01 -> 2.9249147 | I29: 14.9 | J29: 0.0010243128 | K29: 35 | L29: =I29*J29*1.84*(K29/60)*0.01 -> 0.00016381493 | M29: =H29-L29 -> 2.9247509 | N29: =N28+M29 -> 152.39111 | O29: =ROUND(M29/H29*100,2) -> 99.99 | P29: 0.20186567 | Q29: 53.88 | R29: 67 | S29: =ROUND(P29*Q29*1.84*(R29/60)*0.01,2) -> 0.22 | T29: =T28+S29 -> 14.246525 | U29: =IFERROR(ROUND(S29/M29 *100,2),0) -> 7.52
A30: 45954 | B30: 26 | C30: 0.23958333 | D30: =D29+C30 -> 6.3055556 | E30: 19.09 | F30: 14.9 | G30: 36.17 | H30: =E30*F30*1.84*(G30/60)*0.01 -> 3.1550575 | I30: 14.93 | J30: 0.001354 | K30: 36.17 | L30: =I30*J30*1.84*(K30/60)*0.01 -> 0.00022422992 | M30: =H30-L30 -> 3.1548333 | N30: =N29+M30 -> 155.54594 | O30: =ROUND(M30/H30*100,2) -> 99.99 | P30: 0.2245082 | Q30: 53.88 | R30: 61 | S30: =ROUND(P30*Q30*1.84*(R30/60)*0.01,2) -> 0.23 | T30: =T29+S30 -> 14.476525 | U30: =IFERROR(ROUND(S30/M30 *100,2),0) -> 7.29
A31: 45957 | B31: 27 | C31: 0.19930556 | D31: =D30+C31 -> 6.5048611 | E31: 24.775 | F31: 14.9 | G31: 27.833333 | H31: =E31*F31*1.84*(G31/60)*0.01 -> 3.150879 | I31: 15.1 | J31: 0.0007927381 | K31: 27.833333 | L31: =I31*J31*1.84*(K31/60)*0.01 -> 0.00010217355 | M31: =H31-L31 -> 3.1507768 | N31: =N30+M31 -> 158.69672 | O31: =ROUND(M31/H31*100,2) -> 100 | P31: 0.2 | Q31: 53.88 | R31: 61 | S31: =ROUND(P31*Q31*1.84*(R31/60)*0.01,2) -> 0.2 | T31: =T30+S31 -> 14.676525 | U31: =IFERROR(ROUND(S31/M31 *100,2),0) -> 6.35
A32: 45958 | B32: 28 | C32: 0.22083333 | D32: =D31+C32 -> 6.7256944 | E32: 24.95 | F32: 14.9 | G32: 27.833333 | H32: =E32*F32*1.84*(G32/60)*0.01 -> 3.1731355 | I32: 15.1 | J32: 0.0011010714 | K32: 27.833333 | L32: =I32*J32*1.84*(K32/60)*0.01 -> 0.00014191367 | M32: =H32-L32 -> 3.1729935 | N32: =N31+M32 -> 161.86971 | O32: =ROUND(M32/H32*100,2) -> 100 | P32: 0.25296875 | Q32: 53.88 | R32: 64 | S32: =ROUND(P32*Q32*1.84*(R32/60)*0.01,2) -> 0.27 | T32: =T31+S32 -> 14.946525 | U32: =IFERROR(ROUND(S32/M32 *100,2),0) -> 8.51
A33: 45959 | B33: 29 | C33: 0.25486111 | D33: =D32+C33 -> 6.9805556 | E33: 24.49 | F33: 14.9 | G33: 80.55 | H33: =E33*F33*1.84*(G33/60)*0.01 -> 9.0137845 | I33: 15.1 | J33: 0.006 | K33: 80.5 | L33: =I33*J33*1.84*(K33/60)*0.01 -> 0.002236612 | M33: =H33-L33 -> 9.0115479 | N33: =N32+M33 -> 170.88126 | O33: =ROUND(M33/H33*100,2) -> 99.98 | P33: 0.2 | Q33: 53.88 | R33: 61 | S33: =ROUND(P33*Q33*1.84*(R33/60)*0.01,2) -> 0.2 | T33: =T32+S33 -> 15.146525 | U33: =IFERROR(ROUND(S33/M33 *100,2),0) -> 2.22
A34: 45960 | B34: 30 | C34: 0.18958333 | D34: =D33+C34 -> 7.1701389 | E34: 26.544 | F34: 14.9 | G34: 24.833333 | H34: =E34*F34*1.84*(G34/60)*0.01 -> 3.0119949 | I34: 15.1 | J34: 0.0013751333 | K34: 24.833333 | L34: =I34*J34*1.84*(K34/60)*0.01 -> 0.0001581333 | M34: =H34-L34 -> 3.0118367 | N34: =N33+M34 -> 173.8931 | O34: =ROUND(M34/H34*100,2) -> 99.99 | P34: 0.20013661 | Q34: 53.88 | R34: 61 | S34: =ROUND(P34*Q34*1.84*(R34/60)*0.01,2) -> 0.2 | T34: =T33+S34 -> 15.346525 | U34: =IFERROR(ROUND(S34/M34 *100,2),0) -> 6.64
A35: 45965 | B35: 31 | C35: 0.22777778 | D35: =D34+C35 -> 7.3979167 | E35: 16.998113 | F35: 14.9 | G35: 52.833333 | H35: =ROUND(E35*F35*1.84*(G35/60)*0.01,2) -> 4.1 | I35: 14.332075 | J35: 1.081761e-05 | K35: 52.833333 | L35: =I35*J35*1.84*(K35/60)*0.01 -> 2.5119732e-06 | M35: =H35-L35 -> 4.0999975 | N35: =M35 -> 4.0999975 | O35: =ROUND(M35/H35*100,2) -> 100 | P35: 0.2 | Q35: 53.88 | R35: 70.833333 | S35: =ROUND(P35*Q35*1.84*(R35/60)*0.01,2) -> 0.23 | T35: 0.23 | U35: =IFERROR(ROUND(S35/M35 *100,2),0) -> 5.61
A36: 45967 | B36: 32 | C36: 0.225 | D36: =D35+C36 -> 7.6229167 | E36: 16.026609 | F36: 14.9 | G36: 95.666667 | H36: =ROUND(E36*F36*1.84*(G36/60)*0.01,2) -> 7.01 | I36: 14.249043 | J36: 0.00020572174 | K36: 95.666667 | L36: =I36*J36*1.84*(K36/60)*0.01 -> 8.5998943e-05 | M36: =H36-L36 -> 7.009914 | N36: =N35+M36 -> 11.109911 | O36: =ROUND(M36/H36*100,2) -> 100 | P36: 0.2 | Q36: 53.88 | R36: 41.833333 | S36: =ROUND(P36*Q36*1.84*(R36/60)*0.01,2) -> 0.14 | T36: =T35+S36 -> 0.37 | U36: =IFERROR(ROUND(S36/M36 *100,2),0) -> 2
A37: 45968 | B37: 33 | C37: 0.3125 | D37: =D36+C37 -> 7.9354167 | E37: 16.5 | F37: 14.9 | G37: 82.166667 | H37: =ROUND(E37*F37*1.84*(G37/60)*0.01,2) -> 6.19 | I37: 15.1 | J37: 0.00016753036 | K37: 82.166667 | L37: =I37*J37*1.84*(K37/60)*0.01 -> 6.3743033e-05 | M37: =H37-L37 -> 6.1899363 | N37: =N36+M37 -> 17.299848 | O37: =ROUND(M37/H37*100,2) -> 100 | P37: 0.21124183 | Q37: 53.88 | R37: 50.833333 | S37: =ROUND(P37*Q37*1.84*(R37/60)*0.01,2) -> 0.18 | T37: =T36+S37 -> 0.55 | U37: =IFERROR(ROUND(S37/M37 *100,2),0) -> 2.91
A38: 45972 | B38: 34 | C38: 0.21666667 | D38: =D37+C38 -> 8.1520833 | E38: 16.671429 | F38: 14.9 | G38: 48.833333 | H38: =ROUND(E38*F38*1.84*(G38/60)*0.01,2) -> 3.72 | I38: 14.957483 | J38: 0.0041015306 | K38: 48.833333 | L38: =I38*J38*1.84*(K38/60)*0.01 -> 0.00091872898 | M38: =H38-L38 -> 3.7190813 | N38: =N37+M38 -> 21.018929 | O38: =ROUND(M38/H38*100,2) -> 99.98 | P38: 0.21124183 | Q38: 53.88 | R38: 50.833333 | S38: =ROUND(P38*Q38*1.84*(R38/60)*0.01,2) -> 0.18 | T38: =T37+S38 -> 0.73 | U38: =IFERROR(ROUND(S38/M38 *100,2),0) -> 4.84
A39: 45973 | B39: 35 | C39: 0.22013889 | D39: =D38+C39 -> 8.3722222 | E39: 17.366929 | F39: 14.9 | G39: 63.333333 | H39: =ROUND(E39*F39*1.84*(G39/60)*0.01,2) -> 5.03 | I39: 14.738845 | J39: 0.0016456693 | K39: 63.333333 | L39: =I39*J39*1.84*(K39/60)*0.01 -> 0.00047109114 | M39: =H39-L39 -> 5.0295289 | N39: =N38+M39 -> 26.048458 | O39: =ROUND(M39/H39*100,2) -> 99.99 | P39: 0.2 | Q39: 53.88 | R39: 35.833333 | S39: =ROUND(P39*Q39*1.84*(R39/60)*0.01,2) -> 0.12 | T39: =T38+S39 -> 0.85 | U39: =IFERROR(ROUND(S39/M39 *100,2),0) -> 2.39
A40: 45974 | B40: 36 | C40: 0.26944444 | D40: =D39+C40 -> 8.6416667 | E40: 16.567241 | F40: 14.9 | G40: 115.83333 | H40: =ROUND(E40*F40*1.84*(G40/60)*0.01,2) -> 8.77 | I40: 14.404454 | J40: 1e-05 | K40: 115.83333 | L40: =I40*J40*1.84*(K40/60)*0.01 -> 5.1167822e-06 | M40: =H40-L40 -> 8.7699949 | N40: =N39+M40 -> 34.818453 | O40: =ROUND(M40/H40*100,2) -> 100 | P40: 0.29225926 | Q40: 53.88 | R40: 44.833333 | S40: =ROUND(P40*Q40*1.84*(R40/60)*0.01,2) -> 0.22 | T40: =T39+S40 -> 1.07 | U40: =IFERROR(ROUND(S40/M40 *100,2),0) -> 2.51
A41: 45975 | B41: 37 | C41: 0.28819444 | D41: =D40+C41 -> 8.9298611 | E41: 17.592373 | F41: 14.9 | G41: 117.83333 | H41: =ROUND(E41*F41*1.84*(G41/60)*0.01,2) -> 9.47 | I41: 12.101695 | J41: 1e-05 | K41: 117.83333 | L41: =I41*J41*1.84*(K41/60)*0.01 -> 4.3730147e-06 | M41: =H41-L41 -> 9.4699956 | N41: =N40+M41 -> 44.288448 | O41: =ROUND(M41/H41*100,2) -> 100 | P41: 0.36 | Q41: 53.88 | R41: 60.83 | S41: =ROUND(P41*Q41*1.84*(R41/60)*0.01,2) -> 0.36 | T41: =T40+S41 -> 1.43 | U41: =IFERROR(ROUND(S41/M41 *100,2),0) -> 3.8
A42: 45978 | B42: 38 | C42: 0.27013889 | D42: =D41+C42 -> 9.2 | E42: 14.41087 | F42: 14.9 | G42: 137.83333 | H42: =ROUND(E42*F42*1.84*(G42/60)*0.01,2) -> 9.08 | I42: 13.35 | J42: 1e-05 | K42: 137.83333 | L42: =I42*J42*1.84*(K42/60)*0.01 -> 5.6428967e-06 | M42: =H42-L42 -> 9.0799944 | N42: =N41+M42 -> 53.368443 | O42: =ROUND(M42/H42*100,2) -> 100 | P42: 0.45580882 | Q42: 53.88 | R42: 67.833333 | S42: =ROUND(P42*Q42*1.84*(R42/60)*0.01,2) -> 0.51 | T42: =T41+S42 -> 1.94 | U42: =IFERROR(ROUND(S42/M42 *100,2),0) -> 5.62
A43: 45979 | B43: 39 | C43: 0.26388889 | D43: =D42+C43 -> 9.4638889 | E43: 17.872727 | F43: 14.9 | G43: 120.83333 | H43: =ROUND(E43*F43*1.84*(G43/60)*0.01,2) -> 9.87 | I43: 12.045455 | J43: 1e-05 | K43: 120.83333 | L43: =I43*J43*1.84*(K43/60)*0.01 -> 4.4635101e-06 | M43: =H43-L43 -> 9.8699955 | N43: =N42+M43 -> 63.238438 | O43: =ROUND(M43/H43*100,2) -> 100 | P43: 0.36 | Q43: 0 | R43: 60.83 | S43: =ROUND(P43*Q43*1.84*(R43/60)*0.01,2) -> 0 | T43: =T42+S43 -> 1.94 | U43: =IFERROR(ROUND(S43/M43 *100,2),0) -> 0
A44: 45980 | B44: 40 | C44: 0.23472222 | D44: =D43+C44 -> 9.6986111 | E44: 18.916484 | F44: 10.977912 | G44: 90.833333 | H44: =ROUND(E44*F44*1.84*(G44/60)*0.01,2) -> 5.78 | I44: 5 | J44: 9.96337e-06 | K44: 90.833333 | L44: =I44*J44*1.84*(K44/60)*0.01 -> 1.387676e-06 | M44: =H44-L44 -> 5.7799986 | N44: =N43+M44 -> 69.018437 | O44: =ROUND(M44/H44*100,2) -> 100 | P44: 0.29942623 | Q44: 66.83 | R44: 60.833333 | S44: =ROUND(P44*Q44*1.84*(R44/60)*0.01,2) -> 0.37 | T44: =T43+S44 -> 2.31 | U44: =IFERROR(ROUND(S44/M44 *100,2),0) -> 6.4
A45: 45981 | B45: 41 | C45: 0.25277778 | D45: =D44+C45 -> 9.9513889 | E45: 11.231 | F45: 2.6081 | G45: 99.833333 | H45: =ROUND(E45*F45*1.84*(G45/60)*0.01,2) -> 0.9 | I45: 4.175 | J45: 1e-05 | K45: 99.833333 | L45: =I45*J45*1.84*(K45/60)*0.01 -> 1.2781994e-06 | M45: =H45-L45 -> 0.89999872 | N45: =N44+M45 -> 69.918436 | O45: =ROUND(M45/H45*100,2) -> 100 | P45: 0.30814516 | Q45: 71.33 | R45: 61.833333 | S45: =ROUND(P45*Q45*1.84*(R45/60)*0.01,2) -> 0.42 | T45: =T44+S45 -> 2.73 | U45: =IFERROR(ROUND(S45/M45 *100,2),0) -> 46.67
A46: 45982 | B46: 42 | C46: 0.25555556 | D46: =D45+C46 -> 10.206944 | E46: 19.052679 | F46: 12.873929 | G46: 111.83333 | H46: =ROUND(E46*F46*1.84*(G46/60)*0.01,2) -> 8.41 | I46: 10.613839 | J46: 0.14285714 | K46: 111.83333 | L46: =I46*J46*1.84*(K46/60)*0.01 -> 0.052001074 | M46: =H46-L46 -> 8.3579989 | N46: =N45+M46 -> 78.276435 | O46: =ROUND(M46/H46*100,2) -> 99.38 | P46: 0.33141975 | Q46: 53.88 | R46: 53.833333 | S46: =ROUND(P46*Q46*1.84*(R46/60)*0.01,2) -> 0.29 | T46: =T45+S46 -> 3.02 | U46: =IFERROR(ROUND(S46/M46 *100,2),0) -> 3.47
A47: 45985 | B47: 43 | C47: 0.23125 | D47: =D46+C47 -> 10.438194 | E47: 23.718868 | F47: 5.5124528 | G47: 52.833333 | H47: =ROUND(E47*F47*1.84*(G47/60)*0.01,2) -> 2.12 | I47: 12.641509 | J47: 0.11433962 | K47: 52.833333 | L47: =I47*J47*1.84*(K47/60)*0.01 -> 0.023419104 | M47: =H47-L47 -> 2.0965809 | N47: =N46+M47 -> 80.373015 | O47: =ROUND(M47/H47*100,2) -> 98.9 | P47: 0.674 | Q47: 40.69 | R47: 10 | S47: =ROUND(P47*Q47*1.84*(R47/60)*0.01,2) -> 0.08 | T47: =T46+S47 -> 3.1 | U47: =IFERROR(ROUND(S47/M47 *100,2),0) -> 3.82
... A72: 46043 | B72: 68 | C72: 0.25 | D72: =D71+C72 -> 16.056944 | E72: 28.283333 | F72: 10.156667 | G72: 18 | H72: =ROUND(E72*F72*1.84*(G72/60)*0.01,2) -> 1.59 | I72: 13.333333 | J72: 0.072222222 | K72: 18 | L72: =I72*J72*1.84*(K72/60)*0.01 -> 0.0053155556 | M72: =H72-L72 -> 1.5846844 | N72: =N71+M72 -> 164.26488 | O72: =ROUND(M72/H72*100,2) -> 99.67 | P72: 1.47 | Q72: 100 | R72: 20 | S72: =ROUND(P72*Q72*1.84*(R72/60)*0.01,2) -> 0.9 | T72: =T71+S72 -> 20.35 | U72: =IFERROR(ROUND(S72/M72 *100,2),0) -> 56.79
A73: 46049 | B73: 69 | C73: 0.20486111 | D73: =D72+C73 -> 16.261806 | E73: 26.55 | F73: 11.807105 | G73: 38 | H73: =ROUND(E73*F73*1.84*(G73/60)*0.01,2) -> 3.65 | I73: 11.710526 | J73: 0.048421053 | K73: 38 | L73: =I73*J73*1.84*(K73/60)*0.01 -> 0.0066078596 | M73: =H73-L73 -> 3.6433921 | N73: =M73 -> 3.6433921 | O73: =ROUND(M73/H73*100,2) -> 99.82 | P73: 3.3 | Q73: 100 | R73: 5 | S73: =ROUND(P73*Q73*1.84*(R73/60)*0.01,2) -> 0.51 | T73: =S73 -> 0.51 | U73: =IFERROR(ROUND(S73/M73 *100,2),0) -> 14
A74: 46050 | B74: 70 | C74: 0.13402778 | D74: =D73+C74 -> 16.395833 | E74: 16.666667 | F74: 12.885238 | G74: 21 | H74: =ROUND(E74*F74*1.84*(G74/60)*0.01,2) -> 1.38 | I74: 11.666667 | J74: 0.88952381 | K74: 21 | L74: =I74*J74*1.84*(K74/60)*0.01 -> 0.066832889 | M74: =H74-L74 -> 1.3131671 | N74: =N73+M74 -> 4.9565593 | O74: =ROUND(M74/H74*100,2) -> 95.16 | P74: 0.47111111 | Q74: 100 | R74: 45 | S74: =ROUND(P74*Q74*1.84*(R74/60)*0.01,2) -> 0.65 | T74: =T73+S74 -> 1.16 | U74: =IFERROR(ROUND(S74/M74 *100,2),0) -> 49.5
A75: 46051 | B75: 71 | C75: 0.18263889 | D75: =D74+C75 -> 16.578472 | E75: 25.422222 | F75: 12.93 | G75: 9 | H75: =ROUND(E75*F75*1.84*(G75/60)*0.01,2) -> 0.91 | I75: 11.333333 | J75: 0.12222222 | K75: 9 | L75: =I75*J75*1.84*(K75/60)*0.01 -> 0.0038231111 | M75: =H75-L75 -> 0.90617689 | N75: =N74+M75 -> 5.8627361 | O75: =ROUND(M75/H75*100,2) -> 99.58 | P75: 0 | Q75: 0 | R75: 0 | S75: =ROUND(P75*Q75*1.84*(R75/60)*0.01,2) -> 0 | T75: =T74+S75 -> 1.16 | U75: =IFERROR(ROUND(S75/M75 *100,2),0) -> 0
A76: 46055 | B76: 72 | C76: 0.23541667 | D76: =D75+C76 -> 16.813889 | E76: 20.938182 | F76: 13 | G76: 110 | H76: =ROUND(E76*F76*1.84*(G76/60)*0.01,2) -> 9.18 | I76: 11.563636 | J76: 0.012636364 | K76: 110 | L76: =I76*J76*1.84*(K76/60)*0.01 -> 0.0049291927 | M76: =H76-L76 -> 9.1750708 | N76: =M76 -> 9.1750708 | O76: =ROUND(M76/H76*100,2) -> 99.95 | P76: 4.3454545 | Q76: 99.320909 | R76: 11 | S76: =ROUND(P76*Q76*1.84*(R76/60)*0.01,2) -> 1.46 | T76: =S76 -> 1.46 | U76: =IFERROR(ROUND(S76/M76 *100,2),0) -> 15.91
A77: 46056 | B77: 73 | C77: 0.17291667 | D77: =D76+C77 -> 16.986806 | E77: 15.269231 | F77: 12.507885 | G77: 52 | H77: =ROUND(E77*F77*1.84*(G77/60)*0.01,2) -> 3.05 | I77: 15 | J77: 0.030961538 | K77: 52 | L77: =I77*J77*1.84*(K77/60)*0.01 -> 0.007406 | M77: =H77-L77 -> 3.042594 | N77: =N76+M77 -> 12.217665 | O77: =ROUND(M77/H77*100,2) -> 99.76 | P77: - | Q77: - | R77: - | S77: - | T77: - | U77: -
A78: 46057 | B78: 74 | C78: 0.21944444 | D78: =D77+C78 -> 17.20625 | E78: 15.4 | F78: 13.014808 | G78: 52 | H78: =ROUND(E78*F78*1.84*(G78/60)*0.01,2) -> 3.2 | I78: 13.923077 | J78: 0.038653846 | K78: 52 | L78: =I78*J78*1.84*(K78/60)*0.01 -> 0.0085821846 | M78: =H78-L78 -> 3.1914178 | N78: =N77+M78 -> 15.409083 | O78: =ROUND(M78/H78*100,2) -> 99.73 | P78: 5.7857143 | Q78: 99.764286 | R78: 7 | S78: =ROUND(P78*Q78*1.84*(R78/60)*0.01,2) -> 1.24 | T78: =T76+S78 -> 2.7 | U78: =IFERROR(ROUND(S78/M78 *100,2),0) -> 38.85
A79: 46058 | B79: 75 | C79: 0.19861111 | D79: =D78+C79 -> 17.404861 | E79: 23.320313 | F79: 12.901094 | G79: 64 | H79: =ROUND(E79*F79*1.84*(G79/60)*0.01,2) -> 5.9 | I79: 13 | J79: 0.0403125 | K79: 64 | L79: =I79*J79*1.84*(K79/60)*0.01 -> 0.0102856 | M79: =H79-L79 -> 5.8897144 | N79: =N78+M79 -> 21.298797 | O79: =ROUND(M79/H79*100,2) -> 99.83 | P79: 4.125 | Q79: 97.515 | R79: 12 | S79: =ROUND(P79*Q79*1.84*(R79/60)*0.01,2) -> 1.48 | T79: =T78+S79 -> 4.18 | U79: =IFERROR(ROUND(S79/M79 *100,2),0) -> 25.13
A80: 46059 | B80: 76 | C80: 0.27430556 | D80: =D79+C80 -> 17.679167 | E80: 27.169231 | F80: 12.39 | G80: 52 | H80: =ROUND(E80*F80*1.84*(G80/60)*0.01,2) -> 5.37 | I80: 13.807692 | J80: 0.025576923 | K80: 52 | L80: =I80*J80*1.84*(K80/60)*0.01 -> 0.0056316974 | M80: =H80-L80 -> 5.3643683 | N80: =N79+M80 -> 26.663165 | O80: =ROUND(M80/H80*100,2) -> 99.9 | P80: 2.6466667 | Q80: 99.460667 | R80: 15 | S80: =ROUND(P80*Q80*1.84*(R80/60)*0.01,2) -> 1.21 | T80: =T79+S80 -> 5.39 | U80: =IFERROR(ROUND(S80/M80 *100,2),0) -> 22.56
A81: 46062 | B81: 77 | C81: 0.25625 | D81: =D80+C81 -> 17.935417 | E81: 22.31746 | F81: 12.488254 | G81: 63 | H81: =ROUND(E81*F81*1.84*(G81/60)*0.01,2) -> 5.38 | I81: 13.47619 | J81: 0.027619048 | K81: 63 | L81: =I81*J81*1.84*(K81/60)*0.01 -> 0.0071908952 | M81: =H81-L81 -> 5.3728091 | N81: =N80+M81 -> 32.035974 | O81: =ROUND(M81/H81*100,2) -> 99.87 | P81: 2.5466667 | Q81: 56.583389 | R81: 30 | S81: =ROUND(P81*Q81*1.84*(R81/60)*0.01,2) -> 1.33 | T81: =T80+S81 -> 6.72 | U81: =IFERROR(ROUND(S81/M81 *100,2),0) -> 24.75
A82: 46063 | B82: 78 | C82: 0.15 | D82: =D81+C82 -> 18.085417 | E82: 24.038983 | F82: 12.311356 | G82: 59 | H82: =ROUND(E82*F82*1.84*(G82/60)*0.01,2) -> 5.35 | I82: 13.677966 | J82: 0.021864407 | K82: 59 | L82: =I82*J82*1.84*(K82/60)*0.01 -> 0.0054110034 | M82: =H82-L82 -> 5.344589 | N82: =N81+M82 -> 37.380563 | O82: =ROUND(M82/H82*100,2) -> 99.9 | P82: 1.8076923 | Q82: 79.864006 | R82: 52 | S82: =ROUND(P82*Q82*1.84*(R82/60)*0.01,2) -> 2.3 | T82: =T81+S82 -> 9.02 | U82: =IFERROR(ROUND(S82/M82 *100,2),0) -> 43.03
A83: 46064 | B83: 79 | C83: 0.26805556 | D83: =D82+C83 -> 18.353472 | E83: 23.098529 | F83: 12.578529 | G83: 68 | H83: =ROUND(E83*F83*1.84*(G83/60)*0.01,2) -> 6.06 | I83: 11.882353 | J83: 0.039705882 | K83: 68 | L83: =I83*J83*1.84*(K83/60)*0.01 -> 0.0098385882 | M83: =H83-L83 -> 6.0501614 | N83: =N82+M83 -> 43.430725 | O83: =ROUND(M83/H83*100,2) -> 99.84 | P83: 0.66730769 | Q83: 55.612532 | R83: 104 | S83: =ROUND(P83*Q83*1.84*(R83/60)*0.01,2) -> 1.18 | T83: =T82+S83 -> 10.2 | U83: =IFERROR(ROUND(S83/M83 *100,2),0) -> 19.5
A84: 46065 | B84: 80 | C84: 0.32430556 | D84: =D83+C84 -> 18.677778 | E84: 15.622449 | F84: 14.55 | G84: 49 | H84: =ROUND(E84*F84*1.84*(G84/60)*0.01,2) -> 3.42 | I84: 17.489796 | J84: 0.02755102 | K84: 49 | L84: =I84*J84*1.84*(K84/60)*0.01 -> 0.0072407755 | M84: =H84-L84 -> 3.4127592 | N84: =N83+M84 -> 46.843484 | O84: =ROUND(M84/H84*100,2) -> 99.79 | P84: 1.5452381 | Q84: 47.983016 | R84: 42 | S84: =ROUND(P84*Q84*1.84*(R84/60)*0.01,2) -> 0.95 | T84: =T83+S84 -> 11.15 | U84: =IFERROR(ROUND(S84/M84 *100,2),0) -> 27.84
A85: 46066 | B85: 81 | C85: 0.22777778 | D85: =D84+C85 -> 18.905556 | E85: 22.473913 | F85: 11.725435 | G85: 46 | H85: =ROUND(E85*F85*1.84*(G85/60)*0.01,2) -> 3.72 | I85: 14 | J85: 0.022826087 | K85: 46 | L85: =I85*J85*1.84*(K85/60)*0.01 -> 0.004508 | M85: =H85-L85 -> 3.715492 | N85: =N84+M85 -> 50.558976 | O85: =ROUND(M85/H85*100,2) -> 99.88 | P85: 1.2090909 | Q85: 27.986061 | R85: 44 | S85: =ROUND(P85*Q85*1.84*(R85/60)*0.01,2) -> 0.46 | T85: =T84+S85 -> 11.61 | U85: =IFERROR(ROUND(S85/M85 *100,2),0) -> 12.38
A86: 46069 | B86: 82 | C86: 0.26319444 | D86: =D85+C86 -> 19.16875 | E86: 21.26087 | F86: 11.517101 | G86: 69 | H86: =ROUND(E86*F86*1.84*(G86/60)*0.01,2) -> 5.18 | I86: 12.478261 | J86: 0.052608696 | K86: 69 | L86: =I86*J86*1.84*(K86/60)*0.01 -> 0.0138908 | M86: =H86-L86 -> 5.1661092 | N86: =N85+M86 -> 55.725085 | O86: =ROUND(M86/H86*100,2) -> 99.73 | P86: 2.0003257 | Q86: 33.547752 | R86: 51.166667 | S86: =ROUND(P86*Q86*1.84*(R86/60)*0.01,2) -> 1.05 | T86: =T85+S86 -> 12.66 | U86: =IFERROR(ROUND(S86/M86 *100,2),0) -> 20.32
A87: 46070 | B87: 83 | C87: 0.24722222 | D87: =D86+C87 -> 19.415972 | E87: 22.272464 | F87: 11.372754 | G87: 69 | H87: =ROUND(E87*F87*1.84*(G87/60)*0.01,2) -> 5.36 | I87: 12.478261 | J87: 0.052608696 | K87: 69 | L87: =I87*J87*1.84*(K87/60)*0.01 -> 0.0138908 | M87: =H87-L87 -> 5.3461092 | N87: =N86+M87 -> 61.071194 | O87: =ROUND(M87/H87*100,2) -> 99.74 | P87: 2.1680851 | Q87: 57.502979 | R87: 47 | S87: =ROUND(P87*Q87*1.84*(R87/60)*0.01,2) -> 1.8 | T87: =T86+S87 -> 14.46 | U87: =IFERROR(ROUND(S87/M87 *100,2),0) -> 33.67
A88: 46071 | B88: 84 | C88: 0.23472222 | D88: =D87+C88 -> 19.650694 | E88: 21.814286 | F88: 11.474921 | G88: 63 | H88: =ROUND(E88*F88*1.84*(G88/60)*0.01,2) -> 4.84 | I88: 12.952381 | J88: 0.028412698 | K88: 63 | L88: =I88*J88*1.84*(K88/60)*0.01 -> 0.0071099937 | M88: =H88-L88 -> 4.83289 | N88: =N87+M88 -> 65.904084 | O88: =ROUND(M88/H88*100,2) -> 99.85 | P88: 2.296 | Q88: 31.674067 | R88: 25 | S88: =ROUND(P88*Q88*1.84*(R88/60)*0.01,2) -> 0.56 | T88: =T87+S88 -> 15.02 | U88: =IFERROR(ROUND(S88/M88 *100,2),0) -> 11.59
A89: 46076 | B89: 85 | C89: 0.22916667 | D89: =D88+C89 -> 19.879861 | E89: 24.9 | F89: 11.772439 | G89: 41 | H89: =ROUND(E89*F89*1.84*(G89/60)*0.01,2) -> 3.69 | I89: 14.512195 | J89: 0.071707317 | K89: 41 | L89: =I89*J89*1.84*(K89/60)*0.01 -> 0.013084195 | M89: =H89-L89 -> 3.6769158 | N89: =M89 -> 3.6769158 | O89: =ROUND(M89/H89*100,2) -> 99.65 | P89: 2.4837209 | Q89: 22.486783 | R89: 43 | S89: 1.1 | T89: =S89 -> 1.1 | U89: =IFERROR(ROUND(S89/M89 *100,2),0) -> 29.92
A90: 46077 | B90: 86 | C90: 0.27083333 | D90: =D89+C90 -> 20.150694 | E90: 20.498077 | F90: 11.000962 | G90: 52 | H90: =ROUND(E90*F90*1.84*(G90/60)*0.01,2) -> 3.6 | I90: 14.384615 | J90: 0.078269231 | K90: 52 | L90: =I90*J90*1.84*(K90/60)*0.01 -> 0.017953918 | M90: =H90-L90 -> 3.5820461 | N90: =N5+M90 -> 7.5473859 | O90: =ROUND(M90/H90*100,2) -> 99.5 | P90: 0.96666667 | Q90: 4.8850585 | R90: 57 | S90: 0.35 | T90: =T5+S90 -> 0.55161058 | U90: 4.77
A91: 46078 | B91: 87 | C91: 0.29097222 | D91: =D90+C91 -> 20.441667 | E91: 17.328571 | F91: 10.969048 | G91: 42 | H91: =ROUND(E91*F91*1.84*(G91/60)*0.01,2) -> 2.45 | I91: 15.071429 | J91: 0.025238095 | K91: 42 | L91: =I91*J91*1.84*(K91/60)*0.01 -> 0.004899219 | M91: =H91-L91 -> 2.4451008 | N91: =N90+M91 -> 9.9924867 | O91: =ROUND(M91/H91*100,2) -> 99.8 | P91: 1.5177866 | Q91: 17.940514 | R91: 42.166667 | S91: 0.6 | T91: =T90+S91 -> 1.1516106 | U91: =IFERROR(ROUND(S91/M91 *100,2),0) -> 24.54
A92: 46079 | B92: 88 | C92: 0.36527778 | D92: =D91+C92 -> 20.806944 | E92: 23.438095 | F92: 19.261905 | G92: 42 | H92: =ROUND(E92*F92*1.84*(G92/60)*0.01,2) -> 5.81 | I92: 15.714286 | J92: 0.023809524 | K92: 42 | L92: =I92*J92*1.84*(K92/60)*0.01 -> 0.0048190476 | M92: =H92-L92 -> 5.805181 | N92: =N91+M92 -> 15.797668 | O92: =ROUND(M92/H92*100,2) -> 99.92 | P92: 1.1038462 | Q92: 25.206538 | R92: 52 | S92: 1.32 | T92: =T91+S92 -> 2.4716106 | U92: =IFERROR(ROUND(S92/M92 *100,2),0) -> 22.74
A93: 46080 | B93: 89 | C93: 0.31666667 | D93: =D92+C93 -> 21.123611 | E93: 13.688372 | F93: 11.988837 | G93: 43 | H93: 2.01 | I93: 12.186047 | J93: 0.05627907 | K93: 43 | L93: =I93*J93*1.84*(K93/60)*0.01 -> 0.0090436713 | M93: =H93-L93 -> 2.0009563 | N93: =N92+M93 -> 17.798624 | O93: =ROUND(M93/H93*100,2) -> 99.55 | P93: 1.220339 | Q93: 15.700734 | R93: 59 | S93: 0.6 | T93: =T92+S93 -> 3.0716106 | U93: =IFERROR(ROUND(S93/M93 *100,2),0) -> 29.99
A94: 46083 | B94: 90 | C94: 0.30694444 | D94: =D93+C94 -> 21.430556 | E94: 23.948276 | F94: 13.651724 | G94: 29 | H94: =ROUND(E94*F94*1.84*(G94/60)*0.01,2) -> 2.91 | I94: 12.275862 | J94: 0.092068966 | K94: 29 | L94: =I94*J94*1.84*(K94/60)*0.01 -> 0.010051476 | M94: =H94-L94 -> 2.8999485 | N94: =N93+M94 -> 20.698573 | O94: =ROUND(M94/H94*100,2) -> 99.65 | P94: 0.98163934 | Q94: 9.1590492 | R94: 50.833333 | S94: 0.7 | T94: =T93+S94 -> 3.7716106 | U94: =IFERROR(ROUND(S94/M94 *100,2),0) -> 24.14
A95: 46085 | B95: 91 | C95: 0.31597222 | D95: =D94+C95 -> 21.746528 | E95: 17.85 | F95: 14.335 | G95: 22 | H95: =ROUND(E95*F95*1.84*(G95/60)*0.01,2) -> 1.73 | I95: 15.454545 | J95: 0.10454545 | K95: 22 | L95: =I95*J95*1.84*(K95/60)*0.01 -> 0.010900606 | M95: =H95-L95 -> 1.7190994 | N95: =N94+M95 -> 22.417672 | O95: =ROUND(M95/H95*100,2) -> 99.37 | P95: 2.4016667 | Q95: 54.160944 | R95: 60 | S95: 2.5 | T95: =T94+S95 -> 6.2716106 | U95: =IFERROR(ROUND(S95/M95 *100,2),0) -> 145.42
A96: 46086 | B96: 92 | C96: 0.27847222 | D96: =D95+C96 -> 22.025 | E96: 22.911538 | F96: 14.148077 | G96: 26 | H96: =ROUND(E96*F96*1.84*(G96/60)*0.01,2) -> 2.58 | I96: 14.538462 | J96: 0.105 | K96: 26 | L96: =I96*J96*1.84*(K96/60)*0.01 -> 0.0121716 | M96: =H96-L96 -> 2.5678284 | N96: =N95+M96 -> 24.9855 | O96: =ROUND(M96/H96*100,2) -> 99.53 | P96: 1 | Q96: 7.2979085 | R96: 51 | S96: 0.5 | T96: =T95+S96 -> 6.7716106 | U96: =IFERROR(ROUND(S96/M96 *100,2),0) -> 19.47
A97: 46087 | B97: 93 | C97: 0.27291667 | D97: =D96+C97 -> 22.297917 | E97: 15.795833 | F97: 13.43375 | G97: 24 | H97: =ROUND(E97*F97*1.84*(G97/60)*0.01,2) -> 1.56 | I97: 15 | J97: 0.1275 | K97: 24 | L97: =I97*J97*1.84*(K97/60)*0.01 -> 0.014076 | M97: =H97-L97 -> 1.545924 | N97: =N96+M97 -> 26.531424 | O97: =ROUND(M97/H97*100,2) -> 99.1 | P97: 0.90465116 | Q97: 2.6212791 | R97: 43 | S97: 0.04 | T97: =T96+S97 -> 6.8116106 | U97: =IFERROR(ROUND(S97/M97 *100,2),0) -> 2.59
A98: 46090 | B98: 94 | C98: 0.32638889 | D98: =D97+C98 -> 22.624306 | E98: 24.5 | F98: 14.001304 | G98: 23 | H98: =ROUND(E98*F98*1.84*(G98/60)*0.01,2) -> 2.42 | I98: 18 | J98: 0.15695652 | K98: 23 | L98: =I98*J98*1.84*(K98/60)*0.01 -> 0.0199272 | M98: =H98-L98 -> 2.4000728 | N98: =N97+M98 -> 28.931497 | O98: =ROUND(M98/H98*100,2) -> 99.18 | P98: 0.54835165 | Q98: 41.742308 | R98: 91 | S98: 0.83 | T98: =T97+S98 -> 7.6416106 | U98: =IFERROR(ROUND(S98/M98 *100,2),0) -> 34.58
A99: 46091 | B99: 95 | C99: 0.28541667 | D99: =D98+C99 -> 22.909722 | E99: 24.195 | F99: 13.953 | G99: 20 | H99: =ROUND(E99*F99*1.84*(G99/60)*0.01,2) -> 2.07 | I99: 18 | J99: 0.154 | K99: 20 | L99: =I99*J99*1.84*(K99/60)*0.01 -> 0.0170016 | M99: =H99-L99 -> 2.0529984 | N99: =N98+M99 -> 30.984496 | O99: =ROUND(M99/H99*100,2) -> 99.18 | P99: 2.0212121 | Q99: 48.60904 | R99: 33 | S99: 0.85 | T99: =T98+S99 -> 8.4916106 | U99: =IFERROR(ROUND(S99/M99 *100,2),0) -> 41.4
A100: 46092 | B100: 96 | C100: 0.30763889 | D100: =D99+C100 -> 23.217361 | E100: 25.264706 | F100: 14 | G100: 17 | H100: =ROUND(E100*F100*1.84*(G100/60)*0.01,2) -> 1.84 | I100: 16 | J100: 0.12588235 | K100: 17 | L100: =I100*J100*1.84*(K100/60)*0.01 -> 0.010500267 | M100: =H100-L100 -> 1.8294997 | N100: =N99+M100 -> 32.813995 | O100: =ROUND(M100/H100*100,2) -> 99.43 | P100: 2.2874773 | Q100: 42.147042 | R100: 91.833333 | S100: 2.81 | T100: =T99+S100 -> 11.301611 | U100: =IFERROR(ROUND(S100/M100 *100,2),0) -> 153.59
A101: 46093 | B101: 97 | C101: 0.27013889 | D101: =D100+C101 -> 23.4875 | E101: 22.906667 | F101: 14.093333 | G101: 15 | H101: =ROUND(E101*F101*1.84*(G101/60)*0.01,2) -> 1.49 | I101: 18 | J101: 0.144 | K101: 15 | L101: =I101*J101*1.84*(K101/60)*0.01 -> 0.0119232 | M101: =H101-L101 -> 1.4780768 | N101: =N100+M101 -> 34.292072 | O101: =ROUND(M101/H101*100,2) -> 99.2 | P101: 2.3217391 | Q101: 65.015507 | R101: 46 | S101: 2 | T101: =T100+S101 -> 13.301611 | U101: =IFERROR(ROUND(S101/M101 *100,2),0) -> 135.31
A102: 46094 | B102: 98 | C102: 0.33055556 | D102: =D101+C102 -> 23.818056 | E102: 24.669565 | F102: 11.583913 | G102: 23 | H102: =ROUND(E102*F102*1.84*(G102/60)*0.01,2) -> 2.02 | I102: 16 | J102: 0.16304348 | K102: 23 | L102: =I102*J102*1.84*(K102/60)*0.01 -> 0.0184 | M102: =H102-L102 -> 2.0016 | N102: =N101+M102 -> 36.293672 | O102: =ROUND(M102/H102*100,2) -> 99.09 | P102: 2.1764706 | Q102: 49.71902 | R102: 119 | S102: 3.98 | T102: =T101+S102 -> 17.281611 | U102: =IFERROR(ROUND(S102/M102 *100,2),0) -> 198.84
A103: 46097 | B103: 99 | C103: 0.28125 | D103: =D102+C103 -> 24.099306 | E103: 13.361538 | F103: 13.692308 | G103: 13 | H103: =ROUND(E103*F103*1.84*(G103/60)*0.01,2) -> 0.73 | I103: 18 | J103: 0.14846154 | K103: 13 | L103: =I103*J103*1.84*(K103/60)*0.01 -> 0.0106536 | M103: =H103-L103 -> 0.7193464 | N103: =N102+M103 -> 37.013018 | O103: =ROUND(M103/H103*100,2) -> 98.54 | P103: 1.7214286 | Q103: 5.4480952 | R103: 28 | S103: 0.15 | T103: =T102+S103 -> 17.431611 | U103: =IFERROR(ROUND(S103/M103 *100,2),0) -> 20.85
A104: 46098 | B104: 100 | C104: 0.25972222 | D104: =D103+C104 -> 24.359028 | E104: 17.426316 | F104: 13.8 | G104: 19 | H104: =ROUND(E104*F104*1.84*(G104/60)*0.01,2) -> 1.4 | I104: 16 | J104: 0.11947368 | K104: 19 | L104: =I104*J104*1.84*(K104/60)*0.01 -> 0.011138133 | M104: =H104-L104 -> 1.3888619 | N104: =N103+M104 -> 38.40188 | O104: =ROUND(M104/H104*100,2) -> 99.2 | P104: 1.4 | Q104: 3.9227419 | R104: 31 | S104: 0.13 | T104: =T103+S104 -> 17.561611 | U104: =IFERROR(ROUND(S104/M104 *100,2),0) -> 9.36
A105: 46099 | B105: 101 | C105: 0.22638889 | D105: =D104+C105 -> 24.585417 | E105: 14.185714 | F105: 13.878571 | G105: 14 | H105: =ROUND(E105*F105*1.84*(G105/60)*0.01,2) -> 0.85 | I105: 16 | J105: 0.2 | K105: 14 | L105: =I105*J105*1.84*(K105/60)*0.01 -> 0.013738667 | M105: =H105-L105 -> 0.83626133 | N105: =N104+M105 -> 39.238142 | O105: =ROUND(M105/H105*100,2) -> 98.38 | P105: 2.3923077 | Q105: 8.2163462 | R105: 26 | S105: 0.19 | T105: =T104+S105 -> 17.751611 | U105: =IFERROR(ROUND(S105/M105 *100,2),0) -> 22.72
A106: 46100 | B106: 102 | C106: 0.30347222 | D106: =D105+C106 -> 24.888889 | E106: 13.866667 | F106: 12.1 | G106: 18 | H106: =ROUND(E106*F106*1.84*(G106/60)*0.01,2) -> 0.93 | I106: 14 | J106: 0.064814815 | K106: 18 | L106: =I106*J106*1.84*(K106/60)*0.01 -> 0.0050088889 | M106: =H106-L106 -> 0.92499111 | N106: =N105+M106 -> 40.163133 | O106: =ROUND(M106/H106*100,2) -> 99.46 | P106: 1.26875 | Q106: 15.78224 | R106: 32 | S106: 0.01 | T106: =T105+S106 -> 17.761611 | U106: =IFERROR(ROUND(S106/M106 *100,2),0) -> 1.08
A107: Total | D107: =D106 -> 24.888889 | E107: =AVERAGE(E5:E106) -> 20.527543 | H107: =AVERAGE(H5:H106) -> 4.5068717 | L107: =SUM(L5:L106) -> 0.88766338 | M107: =SUM(M5:M106) -> 449.79951 | N107: =N106 -> 40.163133 | O107: =AVERAGE(O5:O106) -> 99.5384 | T107: =T106 -> 17.761611 | U107: =AVERAGE(U78:U106) -> 41.411379
B111: Time | L111: Adsorp | P111: Steam | AB111: Sorbent Aging
AB143: CO2 Capture&Recovery
AB170: CO2 Capture & Conc flue gas in
F194: Run 4 | G194: Run 5
F195: =(0.0041*72 - 0.0815) * 24 -> 5.1288 | G195: =(-0.0009*85 + 0.3715)*24 -> 7.08
F196: =(0.0041*84 - 0.0815) * 24 -> 6.3096 | G196: =(-0.0009*102 + 0.3715)*24 -> 6.7128

Sheet Effieciency

Sheet UAE Results
B1: 45905 | C1: *Wrong Position of collect the sample | O1: 45968 | AB1: 46009
B2: Inlet | C2: Date / time | D2: % O₂ | E2: ppm CO | F2: ppm NOx | G2: ppm NO | H2: ppm NO₂ | I2: % CO₂IR | J2: ppm SO₂ | K2: % Moisture | O2: Inlet | P2: Date / time | Q2: % O₂ | R2: ppm CO | S2: ppm NOx | T2: ppm NO | U2: ppm NO₂ | V2: % CO₂IR | W2: ppm SO₂ | AB2: Inlet | AC2: Date / time | AD2: % O₂ | AE2: ppm CO | AF2: ppm NOx | AG2: ppm NO | AH2: ppm NO₂ | AI2: % CO₂IR | AJ2: ppm SO₂ | AK2: % Moisture | AR2: Inlet | AS2: Date / time | AT2: % O₂ | AU2: ppm CO | AV2: ppm NOx | AW2: ppm NO | AX2: ppm NO₂ | AY2: % CO₂IR | AZ2: ppm SO₂ | BA2: % Moisture | BG2: Inlet | BH2: Date / time | BI2: % O₂ | BJ2: ppm CO | BK2: ppm NOx | BL2: ppm NO | BM2: ppm NO₂ | BN2: % CO₂IR | BO2: ppm SO₂ | BP2: % Moisture
C3: 45905.418 | D3: 5.94 | E3: 0 | F3: 38 | G3: 38 | H3: 0 | I3: 16.64 | J3: 0 | K3: 0.35 | P3: 45968.517 | Q3: 5.42 | R3: 0 | S3: 42 | T3: 42 | U3: 0 | V3: 14.29 | W3: 0 | AC3: 46009.463 | AD3: 4.59 | AE3: 0 | AF3: 44.4 | AG3: 44 | AH3: 0.4 | AI3: 19.23 | AJ3: 0 | AK3: 4.96 | AS3: 46065.463 | AT3: 4.59 | AU3: 0 | AV3: 4.53 | AW3: 45 | AX3: 0.6 | AY3: 14.66 | AZ3: 0 | BA3: 5.58 | BH3: 46079.476 | BI3: 4.28 | BJ3: 0 | BK3: 44.2 | BL3: 44 | BM3: 0.3 | BN3: 14.16 | BO3: 0 | BP3: 5.21
C4: 45905.419 | D4: 5.75 | E4: 0 | F4: 37.6 | G4: 38 | H4: 0 | I4: 17.02 | J4: 0 | P4: 45968.518 | Q4: 5.42 | R4: 0 | S4: 42.5 | T4: 42 | U4: 0 | V4: 14.4 | W4: 0 | AC4: 46010.463 | AD4: 4.54 | AE4: 0 | AF4: 44.4 | AG4: 44 | AH4: 0.4 | AI4: 19.3 | AJ4: 0 | AS4: 46065.464 | AT4: 4.5 | AU4: 0 | AV4: 4.56 | AW4: 45 | AX4: 0.7 | AY4: 14.66 | AZ4: 0 | BH4: 46079.476 | BI4: 4.32 | BJ4: 0 | BK4: 44.2 | BL4: 44 | BM4: 0.4 | BN4: 14.15 | BO4: 0
C5: 45905.42 | D5: 5.54 | E5: 0 | F5: 37.2 | G5: 37 | H5: 0 | I5: 17.39 | J5: 0 | P5: 45968.519 | Q5: 5.57 | R5: 0 | S5: 43.3 | T5: 43 | U5: 0 | V5: 14.2 | W5: 0 | AC5: 46011.464 | AD5: 4.41 | AE5: 0 | AF5: 44.3 | AG5: 44 | AH5: 0.3 | AI5: 19.5 | AJ5: 0 | AS5: 46065.465 | AT5: 4.38 | AU5: 0 | AV5: 4.51 | AW5: 44 | AX5: 0.7 | AY5: 14.79 | AZ5: 0 | BH5: 46079.477 | BI5: 4.46 | BJ5: 0 | BK5: 44.8 | BL5: 44 | BM5: 0.4 | BN5: 13.99 | BO5: 0
C6: 45905.42 | D6: 5.48 | E6: 0 | F6: 37 | G6: 37 | H6: 0 | I6: 17.53 | J6: 0 | P6: 45968.52 | Q6: 5.83 | R6: 0 | S6: 44.2 | T6: 44 | U6: 0 | V6: 13.8 | W6: 0 | AC6: 46012.465 | AD6: 4.32 | AE6: 0 | AF6: 44.3 | AG6: 44 | AH6: 0.3 | AI6: 19.6 | AJ6: 0 | AS6: 46065.465 | AT6: 4.5 | AU6: 0 | AV6: 4.58 | AW6: 45 | AX6: 0.7 | AY6: 14.54 | AZ6: 0 | BH6: 46079.478 | BI6: 4.32 | BJ6: 0 | BK6: 44.3 | BL6: 44 | BM6: 0.4 | BN6: 14.16 | BO6: 0
C7: 45905.421 | D7: 5.86 | E7: 0 | F7: 38.1 | G7: 38 | H7: 0 | I7: 16.94 | J7: 0 | P7: 45968.52 | Q7: 5.7 | R7: 0 | S7: 44.5 | T7: 44 | U7: 0 | V7: 13.95 | W7: 0 | AC7: 46013.465 | AD7: 4.18 | AE7: 0 | AF7: 44.5 | AG7: 44 | AH7: 0.5 | AI7: 19.74 | AJ7: 0 | AS7: 46065.466 | AT7: 4.46 | AU7: 0 | AV7: 4.6 | AW7: 45 | AX7: 0.7 | AY7: 14.6 | AZ7: 0 | BH7: 46079.478 | BI7: 4.56 | BJ7: 0 | BK7: 44.7 | BL7: 44 | BM7: 0.3 | BN7: 13.88 | BO7: 0
C8: 45905.422 | D8: 6 | E8: 0 | F8: 38.5 | G8: 38 | H8: 0 | I8: 16.69 | J8: 0 | P8: 45968.521 | Q8: 5.68 | R8: 0 | S8: 44.5 | T8: 45 | U8: 0 | V8: 14.03 | W8: 0 | AC8: 46014.466 | AD8: 4.32 | AE8: 0 | AF8: 45.5 | AG8: 45 | AH8: 0.5 | AI8: 19.4 | AJ8: 0 | AS8: 46065.467 | AT8: 4.59 | AU8: 0 | AV8: 4.6 | AW8: 45 | AX8: 0.7 | AY8: 14.45 | AZ8: 0 | BH8: 46079.479 | BI8: 4.64 | BJ8: 0 | BK8: 44.3 | BL8: 44 | BM8: 0.4 | BN8: 13.91 | BO8: 0
C9: 45905.422 | D9: 5.84 | E9: 0 | F9: 37.9 | G9: 38 | H9: 0 | I9: 17.02 | J9: 0 | P9: 45968.522 | Q9: 5.39 | R9: 0 | S9: 44.4 | T9: 44 | U9: 0 | V9: 14.25 | W9: 0 | AC9: 46015.467 | AD9: 4.31 | AE9: 0 | AF9: 45.4 | AG9: 45 | AH9: 0.4 | AI9: 19.48 | AJ9: 0 | AS9: 46065.467 | AT9: 4.69 | AU9: 0 | AV9: 4.63 | AW9: 46 | AX9: 0.7 | AY9: 14.32 | AZ9: 0 | BH9: 46079.48 | BI9: 4.66 | BJ9: 0 | BK9: 43.5 | BL9: 43 | BM9: 0.4 | BN9: 14.05 | BO9: 0
C10: 45905.423 | D10: 5.73 | E10: 0 | F10: 37 | G10: 37 | H10: 0 | I10: 17.35 | J10: 0 | P10: 45968.522 | Q10: 5.29 | R10: 0 | S10: 44.6 | T10: 44 | U10: 0 | V10: 14.35 | W10: 0 | AC10: 46016.467 | AD10: 4.1 | AE10: 0 | AF10: 44.9 | AG10: 44 | AH10: 0.9 | AI10: 19.8 | AJ10: 0 | AS10: 46065.468 | AT10: 4.69 | AU10: 0 | AV10: 4.63 | AW10: 46 | AX10: 0.7 | AY10: 14.36 | AZ10: 0 | BH10: 46079.481 | BI10: 4.63 | BJ10: 0 | BK10: 43.1 | BL10: 43 | BM10: 0.4 | BN10: 14.13 | BO10: 0
C11: 45905.424 | D11: 5.64 | E11: 0 | F11: 36.7 | G11: 37 | H11: 0 | I11: 17.52 | J11: 0 | P11: 45968.523 | Q11: 5.39 | R11: 0 | S11: 45.4 | T11: 45 | U11: 0 | V11: 14.21 | W11: 0 | AC11: 46017.468 | AD11: 4.17 | AE11: 0 | AF11: 45.1 | AG11: 45 | AH11: 0.1 | AI11: 19.7 | AJ11: 0 | AS11: 46065.469 | AT11: 4.69 | AU11: 0 | AV11: 4.63 | AW11: 46 | AX11: 0.7 | AY11: 14.55 | AZ11: 0 | BH11: 46079.481 | BI11: 4.56 | BJ11: 0 | BK11: 42.8 | BL11: 42 | BM11: 0.4 | BN11: 14.29 | BO11: 0
C12: 45905.424 | D12: 5.88 | E12: 0 | F12: 36.8 | G12: 37 | H12: 0 | I12: 17.22 | J12: 0 | P12: 45968.524 | Q12: 5.44 | R12: 0 | S12: 46 | T12: 46 | U12: 0 | V12: 14.06 | W12: 0 | AC12: 46018.469 | AD12: 4.1 | AE12: 0 | AF12: 45.4 | AG12: 45 | AH12: 0.4 | AI12: 19.78 | AJ12: 0 | AS12: 46065.469 | AT12: 4.45 | AU12: 0 | AV12: 4.63 | AW12: 46 | AX12: 0.7 | AY12: 14.55 | AZ12: 0 | BH12: 46079.482 | BI12: 4.5 | BJ12: 0 | BK12: 42.8 | BL12: 42 | BM12: 0.4 | BN12: 14.33 | BO12: 0
B13: Average | D13: =AVERAGE(D3:D12) -> 5.766 | E13: =AVERAGE(E3:E12) -> 0 | F13: =AVERAGE(F3:F12) -> 37.48 | G13: =AVERAGE(G3:G12) -> 37.5 | H13: =AVERAGE(H3:H12) -> 0 | I13: =AVERAGE(I3:I12) -> 17.132 | J13: =AVERAGE(J3:J12) -> 0 | O13: Average | Q13: =AVERAGE(Q3:Q12) -> 5.513 | R13: =AVERAGE(R3:R12) -> 0 | S13: =AVERAGE(S3:S12) -> 44.14 | T13: =AVERAGE(T3:T12) -> 43.9 | U13: =AVERAGE(U3:U12) -> 0 | V13: =AVERAGE(V3:V12) -> 14.154 | W13: =AVERAGE(W3:W12) -> 0 | AB13: Average | AD13: =AVERAGE(AD3:AD12) -> 4.304 | AE13: =AVERAGE(AE3:AE12) -> 0 | AF13: =AVERAGE(AF3:AF12) -> 44.82 | AG13: =AVERAGE(AG3:AG12) -> 44.4 | AH13: =AVERAGE(AH3:AH12) -> 0.42 | AI13: =AVERAGE(AI3:AI12) -> 19.553 | AJ13: =AVERAGE(AJ3:AJ12) -> 0 | AR13: Average | AT13: =AVERAGE(AT3:AT12) -> 4.554 | AU13: =AVERAGE(AU3:AU12) -> 0 | AV13: =AVERAGE(AV3:AV12) -> 4.59 | AW13: =AVERAGE(AW3:AW12) -> 45.3 | AX13: =AVERAGE(AX3:AX12) -> 0.69 | AY13: =AVERAGE(AY3:AY12) -> 14.548 | AZ13: =AVERAGE(AZ3:AZ12) -> 0 | BG13: Average | BI13: =AVERAGE(BI3:BI12) -> 4.493 | BJ13: =AVERAGE(BJ3:BJ12) -> 0 | BK13: =AVERAGE(BK3:BK12) -> 43.87 | BL13: =AVERAGE(BL3:BL12) -> 43.4 | BM13: =AVERAGE(BM3:BM12) -> 0.38 | BN13: =AVERAGE(BN3:BN12) -> 14.105 | BO13: =AVERAGE(BO3:BO12) -> 0
B15: Outlet absorption phase | C15: Date / time | D15: % O₂ | E15: ppm CO | F15: ppm NOx | G15: ppm NO | H15: ppm NO₂ | I15: % CO₂IR | J15: ppm SO₂ | K15: % Moisture | O15: Outlet absorption phase | P15: Date / time | Q15: % O₂ | R15: ppm CO | S15: ppm NOx | T15: ppm NO | U15: ppm NO₂ | V15: % CO₂IR | W15: ppm SO₂ | AB15: Outlet absorption phase | AC15: Date / time | AD15: % O₂ | AE15: ppm CO | AF15: ppm NOx | AG15: ppm NO | AH15: ppm NO₂ | AI15: % CO₂IR | AJ15: ppm SO₂ | AK15: % Moisture | AR15: Outlet absorption phase | AS15: Date / time | AT15: % O₂ | AU15: ppm CO | AV15: ppm NOx | AW15: ppm NO | AX15: ppm NO₂ | AY15: % CO₂IR | AZ15: ppm SO₂ | BA15: % Moisture | BG15: Outlet absorption phase | BH15: Date / time | BI15: % O₂ | BJ15: ppm CO | BK15: ppm NOx | BL15: ppm NO | BM15: ppm NO₂ | BN15: % CO₂IR | BO15: ppm SO₂ | BP15: % Moisture
C16: 45905.481 | D16: 6.36 | E16: 0 | F16: 29.4 | G16: 29 | H16: 0 | I16: 13.57 | J16: 0 | K16: 0.35 | P16: 45968.483 | Q16: 6.71 | R16: 0 | S16: 45.2 | T16: 45 | U16: 0 | V16: 0.04 | W16: 0 | AC16: 46009.419 | AD16: 5.59 | AE16: 0 | AF16: 47.3 | AG16: 47 | AH16: 0.3 | AI16: 0.32 | AJ16: 0 | AK16: 2.09 | AS16: 46065.417 | AT16: 5.64 | AU16: 0 | AV16: 34.8 | AW16: 35 | AX16: 0 | AY16: 0.3 | AZ16: 0 | BA16: 2.58 | BH16: 46079.424 | BI16: 7.34 | BJ16: 0 | BK16: 32 | BL16: 32 | BM16: 0 | BN16: 0.01 | BO16: 0 | BP16: 2.54
C17: 45905.482 | D17: 6.17 | E17: 0 | F17: 30.3 | G17: 30 | H17: 0 | I17: 14.04 | J17: 0 | P17: 45968.484 | Q17: 6.78 | R17: 0 | S17: 45.5 | T17: 45 | U17: 0 | V17: 0.04 | W17: 0 | AC17: 46009.419 | AD17: 5.58 | AE17: 0 | AF17: 48.8 | AG17: 48 | AH17: 0.8 | AI17: 0.31 | AJ17: 0 | AS17: 46065.417 | AT17: 5.6 | AU17: 0 | AV17: 36.1 | AW17: 36 | AX17: 0 | AY17: 0.28 | AZ17: 0 | BH17: 46079.425 | BI17: 7.25 | BJ17: 0 | BK17: 32.3 | BL17: 32 | BM17: 0 | BN17: 0.01 | BO17: 0
C18: 45905.483 | D18: 6.36 | E18: 0 | F18: 31.1 | G18: 31 | H18: 0 | I18: 14.43 | J18: 0 | P18: 45968.484 | Q18: 6.67 | R18: 0 | S18: 46.2 | T18: 46 | U18: 0 | V18: 0.03 | W18: 0 | AC18: 46009.42 | AD18: 9.53 | AE18: 0 | AF18: 41.1 | AG18: 41 | AH18: 0.1 | AI18: 0.31 | AJ18: 0 | AS18: 46065.418 | AT18: 5.4 | AU18: 0 | AV18: 37.1 | AW18: 37 | AX18: 0 | AY18: 0.25 | AZ18: 0 | BH18: 46079.426 | BI18: 7.22 | BJ18: 0 | BK18: 32.5 | BL18: 33 | BM18: 0 | BN18: 0.01 | BO18: 0
C19: 45905.483 | D19: 6.17 | E19: 0 | F19: 30.8 | G19: 31 | H19: 0 | I19: 14.74 | J19: 0 | P19: 45968.485 | Q19: 6.65 | R19: 0 | S19: 46.8 | T19: 47 | U19: 0 | V19: 0.03 | W19: 0 | AC19: 46009.421 | AD19: 7.4 | AE19: 0 | AF19: 38.2 | AG19: 38 | AH19: 0.2 | AI19: 0.3 | AJ19: 0 | AS19: 46065.419 | AT19: 5.4 | AU19: 0 | AV19: 38.1 | AW19: 38 | AX19: 0 | AY19: 0.23 | AZ19: 0 | BH19: 46079.426 | BI19: 7.28 | BJ19: 0 | BK19: 32.1 | BL19: 32 | BM19: 0 | BN19: 0.01 | BO19: 0
C20: 45905.484 | D20: 6.05 | E20: 0 | F20: 30.2 | G20: 30 | H20: 0 | I20: 14.96 | J20: 0 | P20: 45968.486 | Q20: 6.75 | R20: 0 | S20: 47 | T20: 47 | U20: 0 | V20: 0.02 | W20: 0 | AC20: 46009.422 | AD20: 5.52 | AE20: 0 | AF20: 49.7 | AG20: 49 | AH20: 0.7 | AI20: 0.3 | AJ20: 0 | AS20: 46065.419 | AT20: 5.16 | AU20: 0 | AV20: 39.1 | AW20: 39 | AX20: 0 | AY20: 0.21 | AZ20: 0 | BH20: 46079.427 | BI20: 7.08 | BJ20: 0 | BK20: 32.7 | BL20: 33 | BM20: 0 | BN20: 0.01 | BO20: 0
C21: 45905.485 | D21: 6.01 | E21: 0 | F21: 30.5 | G21: 31 | H21: 0 | I21: 15.12 | J21: 0 | P21: 45968.486 | Q21: 6.68 | R21: 0 | S21: 47.8 | T21: 48 | U21: 0 | V21: 0.01 | W21: 0 | AC21: 46009.422 | AD21: 5.56 | AE21: 0 | AF21: 50.8 | AG21: 50 | AH21: 0.8 | AI21: 0.29 | AJ21: 0 | AS21: 46065.42 | AT21: 5.21 | AU21: 0 | AV21: 40.4 | AW21: 40 | AX21: 0 | AY21: 0.2 | AZ21: 0 | BH21: 46079.428 | BI21: 6.76 | BJ21: 0 | BK21: 32.9 | BL21: 33 | BM21: 0 | BN21: 0.01 | BO21: 0
C22: 45905.485 | D22: 6.03 | E22: 0 | F22: 31.1 | G22: 31 | H22: 0 | I22: 15.29 | J22: 0 | P22: 45968.487 | Q22: 6.61 | R22: 0 | S22: 48.1 | T22: 48 | U22: 0 | V22: 0.02 | W22: 0 | AC22: 46009.423 | AD22: 5.87 | AE22: 0 | AF22: 51.6 | AG22: 51 | AH22: 0.6 | AI22: 0.29 | AJ22: 0 | AS22: 46065.421 | AT22: 5.35 | AU22: 0 | AV22: 41.2 | AW22: 41 | AX22: 0 | AY22: 0.18 | AZ22: 0 | BH22: 46079.428 | BI22: 6.77 | BJ22: 0 | BK22: 33.6 | BL22: 34 | BM22: 0 | BN22: 0.01 | BO22: 0
C23: 45905.486 | D23: 5.93 | E23: 0 | F23: 31.1 | G23: 31 | H23: 0 | I23: 15.44 | J23: 0 | P23: 45968.488 | Q23: 6.58 | R23: 0 | S23: 48.6 | T23: 49 | U23: 0 | V23: 0.01 | W23: 0 | AC23: 46009.424 | AD23: 6.03 | AE23: 0 | AF23: 51.1 | AG23: 51 | AH23: 0.1 | AI23: 0.29 | AJ23: 0 | AS23: 46065.422 | AT23: 5.08 | AU23: 0 | AV23: 41.5 | AW23: 42 | AX23: 0 | AY23: 0.16 | AZ23: 0 | BH23: 46079.429 | BI23: 7.02 | BJ23: 0 | BK23: 34.9 | BL23: 35 | BM23: 0 | BN23: 0.01 | BO23: 0
C24: 45905.487 | D24: 6 | E24: 0 | F24: 30.9 | G24: 31 | H24: 0 | I24: 15.59 | J24: 0 | P24: 45968.488 | Q24: 6.56 | R24: 0 | S24: 49.3 | T24: 49 | U24: 0 | V24: 0 | W24: 0 | AC24: 46009.424 | AD24: 5.94 | AE24: 0 | AF24: 50 | AG24: 50 | AH24: 0 | AI24: 0.28 | AJ24: 0 | AS24: 46065.422 | AT24: 5.19 | AU24: 0 | AV24: 41.5 | AW24: 42 | AX24: 0 | AY24: 0.15 | AZ24: 0 | BH24: 46079.43 | BI24: 7 | BJ24: 0 | BK24: 35.5 | BL24: 36 | BM24: 0 | BN24: 0.01 | BO24: 0
C25: 45905.487 | D25: 5.91 | E25: 0 | F25: 30.9 | G25: 31 | H25: 0 | I25: 15.73 | J25: 0 | P25: 45968.489 | Q25: 6.57 | R25: 0 | S25: 49.8 | T25: 50 | U25: 0 | V25: 0 | W25: 0 | AC25: 46009.425 | AD25: 5.75 | AE25: 0 | AF25: 49.2 | AG25: 49 | AH25: 0.2 | AI25: 0.28 | AJ25: 0 | AS25: 46065.423 | AT25: 5.18 | AU25: 0 | AV25: 42 | AW25: 43 | AX25: 0 | AY25: 0.13 | AZ25: 0 | BH25: 46079.431 | BI25: 6.71 | BJ25: 0 | BK25: 35.7 | BL25: 36 | BM25: 0 | BN25: 0.01 | BO25: 0
B26: Average | D26: =AVERAGE(D16:D25) -> 6.099 | E26: =AVERAGE(E16:E25) -> 0 | F26: =AVERAGE(F16:F25) -> 30.63 | G26: =AVERAGE(G16:G25) -> 30.6 | H26: =AVERAGE(H16:H25) -> 0 | I26: =AVERAGE(I16:I25) -> 14.891 | J26: =AVERAGE(J16:J25) -> 0 | O26: Average | Q26: =AVERAGE(Q16:Q25) -> 6.656 | R26: =AVERAGE(R16:R25) -> 0 | S26: =AVERAGE(S16:S25) -> 47.43 | T26: =AVERAGE(T16:T25) -> 47.4 | U26: =AVERAGE(U16:U25) -> 0 | V26: =AVERAGE(V16:V25) -> 0.02 | W26: =AVERAGE(W16:W25) -> 0 | AB26: Average | AD26: =AVERAGE(AD16:AD25) -> 6.277 | AE26: =AVERAGE(AE16:AE25) -> 0 | AF26: =AVERAGE(AF16:AF25) -> 47.78 | AG26: =AVERAGE(AG16:AG25) -> 47.4 | AH26: =AVERAGE(AH16:AH25) -> 0.38 | AI26: =AVERAGE(AI16:AI25) -> 0.297 | AJ26: =AVERAGE(AJ16:AJ25) -> 0 | AR26: Average | AT26: =AVERAGE(AT16:AT25) -> 5.321 | AU26: =AVERAGE(AU16:AU25) -> 0 | AV26: =AVERAGE(AV16:AV25) -> 39.18 | AW26: =AVERAGE(AW16:AW25) -> 39.3 | AX26: =AVERAGE(AX16:AX25) -> 0 | AY26: =AVERAGE(AY16:AY25) -> 0.209 | AZ26: =AVERAGE(AZ16:AZ25) -> 0 | BG26: Average | BI26: =AVERAGE(BI16:BI25) -> 7.043 | BJ26: =AVERAGE(BJ16:BJ25) -> 0 | BK26: =AVERAGE(BK16:BK25) -> 33.42 | BL26: =AVERAGE(BL16:BL25) -> 33.6 | BM26: =AVERAGE(BM16:BM25) -> 0 | BN26: =AVERAGE(BN16:BN25) -> 0.01 | BO26: =AVERAGE(BO16:BO25) -> 0
B28: Outlet Regen phase | C28: Date / time | D28: % O₂ | E28: ppm CO | F28: ppm NOx | G28: ppm NO | H28: ppm NO₂ | I28: % CO₂IR | J28: ppm SO₂ | K28: % Moisture | O28: Outlet Regen phase | P28: Date / time | Q28: % O₂ | R28: ppm CO | S28: ppm NOx | T28: ppm NO | U28: ppm NO₂ | V28: % CO₂IR | W28: ppm SO₂ | AB28: Outlet Regen phase | AC28: Date / time | AD28: % O₂ | AE28: ppm CO | AF28: ppm NOx | AG28: ppm NO | AH28: ppm NO₂ | AI28: % CO₂IR | AJ28: ppm SO₂ | AK28: % Moisture | AR28: Outlet Regen phase | AS28: Date / time | AT28: % O₂ | AU28: ppm CO | AV28: ppm NOx | AW28: ppm NO | AX28: ppm NO₂ | AY28: % CO₂IR | AZ28: ppm SO₂ | BA28: % Moisture | BG28: Outlet Regen phase | BH28: Date / time | BI28: % O₂ | BJ28: ppm CO | BK28: ppm NOx | BL28: ppm NO | BM28: ppm NO₂ | BN28: % CO₂IR | BO28: ppm SO₂ | BP28: % Moisture
C29: 45905.61 | D29: 0.89 | E29: 8 | F29: 0.2 | G29: 0 | H29: 0.2 | I29: 97.4 | J29: 0 | K29: 6.95 | P29: 45968.632 | Q29: 20.64 | R29: 1 | S29: 0.2 | T29: 0 | U29: 0.2 | V29: 1.65 | W29: 0 | AC29: 46009.604 | AD29: 5.34 | AE29: 24 | AF29: 3.9 | AG29: 2 | AH29: 1.9 | AI29: 74.9 | AJ29: 3 | AK29: 4.99 | AS29: 46065.625 | AT29: 0.79 | AU29: 28 | AV29: 6.6 | AW29: 6 | AX29: 0.6 | AY29: 185.73 | AZ29: 5 | BA29: 5.1 | BH29: 46079.609 | BI29: 0.98 | BJ29: 28 | BK29: 3.1 | BL29: 2 | BM29: 1.5 | BN29: 146.03 | BO29: 5 | BP29: 5.31
C30: 45905.611 | D30: 2.77 | E30: 7 | F30: 0.1 | G30: 0 | H30: 0.1 | I30: 95 | J30: 0 | P30: 45968.633 | Q30: 20.75 | R30: 1 | S30: 0.1 | T30: 0 | U30: 0.1 | V30: 1.5 | W30: 0 | AC30: 46009.605 | AD30: 1.5 | AE30: 19 | AF30: 4.7 | AG30: 4 | AH30: 0.7 | AI30: 95.92 | AJ30: 2 | AS30: 46065.626 | AT30: 1.82 | AU30: 23 | AV30: 7.8 | AW30: 7 | AX30: 0.4 | AY30: 179.69 | AZ30: 5 | BH30: 46079.61 | BI30: 0.56 | BJ30: 29 | BK30: 6.2 | BL30: 5 | BM30: 0.7 | BN30: 151.26 | BO30: 5
C31: 45905.611 | D31: 9.87 | E31: 7 | F31: 0 | G31: 0 | H31: 0 | I31: 78.24 | J31: 0 | P31: 45968.634 | Q31: 20.86 | R31: 1 | S31: 0.2 | T31: 0 | U31: 0.2 | V31: 0.97 | W31: 0 | AC31: 46009.606 | AD31: 4.16 | AE31: 15 | AF31: 5.1 | AG31: 5 | AH31: 0.1 | AI31: 91.5 | AJ31: 1 | AS31: 46065.626 | AT31: 1.04 | AU31: 23 | AV31: 9.4 | AW31: 9 | AX31: 0.5 | AY31: 187.64 | AZ31: 5 | BH31: 46079.61 | BI31: 0.92 | BJ31: 27 | BK31: 9.4 | BL31: 9 | BM31: 0.4 | BN31: 150.94 | BO31: 5
C32: 45905.612 | D32: 13.64 | E32: 7 | F32: 0 | G32: 0 | H32: 0 | I32: 49.15 | J32: 0 | P32: 45968.634 | Q32: 20.92 | R32: 1 | S32: 0.2 | T32: 0 | U32: 0.2 | V32: 0.75 | W32: 0 | AC32: 46009.606 | AD32: 7.95 | AE32: 11 | AF32: 5 | AG32: 5 | AH32: 0 | AI32: 81.95 | AJ32: 1 | AS32: 46065.627 | AT32: 1.17 | AU32: 23 | AV32: 10.4 | AW32: 10 | AX32: 0.4 | AY32: 189.43 | AZ32: 5 | BH32: 46079.611 | BI32: 1.1 | BJ32: 24 | BK32: 11.2 | BL32: 11 | BM32: 0.3 | BN32: 152.62 | BO32: 5
C33: 45905.613 | D33: 15.95 | E33: 8 | F33: 0 | G33: 0 | H33: 0 | I33: 29.69 | J33: 0 | P33: 45968.635 | Q33: 20.98 | R33: 0 | S33: 0.2 | T33: 0 | U33: 0.2 | V33: 0.48 | W33: 0 | AC33: 46009.607 | AD33: 9.05 | AE33: 9 | AF33: 4.9 | AG33: 4 | AH33: 0.9 | AI33: 73.75 | AJ33: 1 | AS33: 46065.628 | AT33: 1.44 | AU33: 22 | AV33: 11.2 | AW33: 11 | AX33: 0.4 | AY33: 188.86 | AZ33: 5 | BH33: 46079.612 | BI33: 1.56 | BJ33: 23 | BK33: 12.8 | BL33: 13 | BM33: 0.3 | BN33: 152.26 | BO33: 5
C34: 45905.613 | D34: 16.76 | E34: 10 | F34: 0.1 | G34: 0 | H34: 0.1 | I34: 24.42 | J34: 0 | P34: 45968.636 | Q34: 21.02 | R34: 0 | S34: 0.2 | T34: 0 | U34: 0.2 | V34: 0.37 | W34: 0 | AC34: 46009.608 | AD34: 10.01 | AE34: 8 | AF34: 5 | AG34: 5 | AH34: 0 | AI34: 68.52 | AJ34: 1 | AS34: 46065.628 | AT34: 2.09 | AU34: 21 | AV34: 11.3 | AW34: 11 | AX34: 0.3 | AY34: 184.73 | AZ34: 5 | BH34: 46079.613 | BI34: 2.6 | BJ34: 21 | BK34: 13.7 | BL34: 13 | BM34: 0.3 | BN34: 147.3 | BO34: 5
C35: 45905.614 | D35: 16.97 | E35: 11 | F35: 0.1 | G35: 0 | H35: 0.1 | I35: 23.1 | J35: 0 | P35: 45968.636 | Q35: 21.04 | R35: 0 | S35: 0.2 | T35: 0 | U35: 0.2 | V35: 0.29 | W35: 0 | AC35: 46009.608 | AD35: 13.03 | AE35: 6 | AF35: 4 | AG35: 4 | AH35: 0 | AI35: 47.09 | AJ35: 1 | AS35: 46065.629 | AT35: 3.28 | AU35: 19 | AV35: 11.2 | AW35: 11 | AX35: 0.2 | AY35: 174.14 | AZ35: 5 | BH35: 46079.613 | BI35: 1.72 | BJ35: 22 | BK35: 15.5 | BL35: 15 | BM35: 0.3 | BN35: 154.32 | BO35: 5
C36: 45905.615 | D36: 16.91 | E36: 11 | F36: 0.2 | G36: 0 | H36: 0.2 | I36: 23.07 | J36: 0 | P36: 45968.637 | Q36: 21.05 | R36: 0 | S36: 0.4 | T36: 0 | U36: 0.4 | V36: 0.12 | W36: 0 | AC36: 46009.609 | AD36: 7.45 | AE36: 11 | AF36: 7.2 | AG36: 7 | AH36: 0.2 | AI36: 77.16 | AJ36: 1 | AS36: 46065.63 | AT36: 4.77 | AU36: 18 | AV36: 11.2 | AW36: 11 | AX36: 0.2 | AY36: 155.1 | AZ36: 5 | BH36: 46079.614 | BI36: 4.67 | BJ36: 20 | BK36: 15.1 | BL36: 15 | BM36: 0.1 | BN36: 137.73 | BO36: 5
C37: 45905.616 | D37: 12.84 | E37: 13 | F37: 1 | G37: 0 | H37: 1 | I37: 47.73 | J37: 1 | P37: 45968.638 | Q37: 21.08 | R37: 0 | S37: 0.2 | T37: 0 | U37: 0.2 | V37: 0.14 | W37: 0 | AC37: 46009.61 | AD37: 6.7 | AE37: 13 | AF37: 7.9 | AG37: 7 | AH37: 0.9 | AI37: 81.36 | AJ37: 1 | AS37: 46065.631 | AT37: 5.88 | AU37: 16 | AV37: 10.2 | AW37: 10 | AX37: 0.1 | AY37: 135.17 | AZ37: 5 | BH37: 46079.615 | BI37: 15.15 | BJ37: 11 | BK37: 7 | BL37: 7 | BM37: 0 | BN37: 43.91 | BO37: 4
C38: 45905.616 | D38: 9.39 | E38: 15 | F38: 0.6 | G38: 0 | H38: 0.6 | I38: 71.03 | J38: 0 | P38: 45968.639 | Q38: 21.09 | R38: 0 | S38: 0.2 | T38: 0 | U38: 0.2 | V38: 0.1 | W38: 0 | AC38: 46009.61 | AD38: 7.56 | AE38: 12 | AF38: 8 | AG38: 8 | AH38: 0 | AI38: 78.49 | AJ38: 1 | AS38: 46065.631 | AT38: 6.68 | AU38: 15 | AV38: 10.2 | AW38: 10 | AX38: 0.2 | AY38: 120.42 | AZ38: 5 | BH38: 46079.615 | BI38: 9.18 | BJ38: 14 | BK38: 10.1 | BL38: 9 | BM38: 0.9 | BN38: 74.37 | BO38: 5
B39: Average | D39: =AVERAGE(D29:D38) -> 11.599 | E39: =AVERAGE(E29:E38) -> 9.7 | F39: =AVERAGE(F29:F38) -> 0.23 | G39: =AVERAGE(G29:G38) -> 0 | H39: =AVERAGE(H29:H38) -> 0.23 | I39: =AVERAGE(I29:I38) -> 53.883 | J39: =AVERAGE(J29:J38) -> 0.1 | O39: Average | Q39: =AVERAGE(Q29:Q38) -> 20.943 | R39: =AVERAGE(R29:R38) -> 0.4 | S39: =AVERAGE(S29:S38) -> 0.21 | T39: =AVERAGE(T29:T38) -> 0 | U39: =AVERAGE(U29:U38) -> 0.21 | V39: =AVERAGE(V29:V38) -> 0.637 | W39: =AVERAGE(W29:W38) -> 0 | AB39: Average | AD39: =AVERAGE(AD29:AD38) -> 7.275 | AE39: =AVERAGE(AE29:AE38) -> 12.8 | AF39: =AVERAGE(AF29:AF38) -> 5.57 | AG39: =AVERAGE(AG29:AG38) -> 5.1 | AH39: =AVERAGE(AH29:AH38) -> 0.47 | AI39: 77.064 | AJ39: =AVERAGE(AJ29:AJ38) -> 1.3 | AR39: Average | AT39: =AVERAGE(AT29:AT38) -> 2.896 | AU39: =AVERAGE(AU29:AU38) -> 20.8 | AV39: =AVERAGE(AV29:AV38) -> 9.95 | AW39: =AVERAGE(AW29:AW38) -> 9.6 | AX39: =AVERAGE(AX29:AX38) -> 0.33 | AY39: =AVERAGE(AY29:AY38) -> 170.091 | AZ39: =AVERAGE(AZ29:AZ38) -> 5 | BG39: Average | BI39: =AVERAGE(BI29:BI38) -> 3.844 | BJ39: =AVERAGE(BJ29:BJ38) -> 21.9 | BK39: =AVERAGE(BK29:BK38) -> 10.41 | BL39: =AVERAGE(BL29:BL38) -> 9.9 | BM39: =AVERAGE(BM29:BM38) -> 0.48 | BN39: =AVERAGE(BN29:BN38) -> 131.074 | BO39: =AVERAGE(BO29:BO38) -> 4.9
AQ97: UAE Capture Efficiency | BH97: UAE Capture Efficiency
AQ100: % CO₂ In | AR100: % CO₂ Out | AS100: CO₂ Capture Efficiency, % | BH100: % CO₂ In | BI100: % CO₂ Out | BJ100: CO₂ Capture Efficiency, %
AQ101: 14.66 | AR101: 0.3 | AS101: =(AQ101-AR101)/AQ101 *100 -> 97.953615 | BH101: 14.16 | BI101: 0.01 | BJ101: =(BH101-BI101)/BH101 *100 -> 99.929379
AQ102: 14.66 | AR102: 0.28 | AS102: =(AQ102-AR102)/AQ102 *100 -> 98.090041 | BH102: 14.15 | BI102: 0.01 | BJ102: =(BH102-BI102)/BH102 *100 -> 99.929329
AQ103: 14.79 | AR103: 0.25 | AS103: =(AQ103-AR103)/AQ103 *100 -> 98.309669 | BH103: 13.99 | BI103: 0.01 | BJ103: =(BH103-BI103)/BH103 *100 -> 99.92852
AQ104: 14.54 | AR104: 0.23 | AS104: =(AQ104-AR104)/AQ104 *100 -> 98.418157 | BH104: 14.16 | BI104: 0.01 | BJ104: =(BH104-BI104)/BH104 *100 -> 99.929379
AQ105: 14.6 | AR105: 0.21 | AS105: =(AQ105-AR105)/AQ105 *100 -> 98.561644 | BH105: 13.88 | BI105: 0.01 | BJ105: =(BH105-BI105)/BH105 *100 -> 99.927954
AQ106: 14.45 | AR106: 0.2 | AS106: =(AQ106-AR106)/AQ106 *100 -> 98.615917 | BH106: 13.91 | BI106: 0.01 | BJ106: =(BH106-BI106)/BH106 *100 -> 99.928109
AQ107: 14.32 | AR107: 0.18 | AS107: =(AQ107-AR107)/AQ107 *100 -> 98.743017 | BH107: 14.05 | BI107: 0.01 | BJ107: =(BH107-BI107)/BH107 *100 -> 99.928826
AQ108: 14.36 | AR108: 0.16 | AS108: =(AQ108-AR108)/AQ108 *100 -> 98.885794 | BH108: 14.13 | BI108: 0.01 | BJ108: =(BH108-BI108)/BH108 *100 -> 99.929229
AQ109: 14.55 | AR109: 0.15 | AS109: =(AQ109-AR109)/AQ109 *100 -> 98.969072 | BH109: 14.29 | BI109: 0.01 | BJ109: =(BH109-BI109)/BH109 *100 -> 99.930021
AQ110: 14.55 | AR110: 0.13 | AS110: =(AQ110-AR110)/AQ110 *100 -> 99.106529 | BH110: 14.33 | BI110: 0.01 | BJ110: =(BH110-BI110)/BH110 *100 -> 99.930216
AP111: Avg | AS111: =AVERAGE(AS101:AS110) -> 98.565345 | BG111: Avg | BJ111: =AVERAGE(BJ101:BJ110) -> 99.929096

Sheet Dashboard

Sheet Run 3, 4, and 5 (2)
A1: Run 5 Gen 1+Gen 2.2+ Zeolite
B3: Cycle | C3: Operating Hour | D3: Operating Hour Cumulative Run 5 Gen 1+Gen 2.2+ Zeolite | E3: CO₂In during adsorption | I3: CO₂Out during adsorption | M3: CO₂ Captured | P3: CO₂Regen during steaming
E4: Q (Nm³/h) | F4: C (vol%) | G4: T (min) | H4: CO₂ (kg) | I4: Q (Nm³/h) | J4: C (vol%) | K4: T (min) | L4: CO₂ (kg) | M4: Co2 Captured Run 5 Gen 1+Gen 2.2+ Zeolite (Kg) | N4: Co2 Captured Run 5 Gen 1+Gen 2.2+ Zeolite Cumulative (Kg) | O4: % Captured | P4: Q (Nm³/h) | Q4: C (vol%) | R4: T (min) | S4: CO₂ (kg) | T4: Co2 Recovery Run 5 Gen 1+Gen 2.2+ Zeolite Cumulative (Kg) | U4: % Recovery
A5: 46049 | B5: 1 | C5: 0.20486111 | D5: =C5 -> 0.20486111 | E5: 26.55 | F5: 11.807105 | G5: 38 | H5: =ROUND(E5*F5*1.84*(G5/60)*0.01,2) -> 3.65 | I5: 11.710526 | J5: 0.048421053 | K5: 38 | L5: =I5*J5*1.84*(K5/60)*0.01 -> 0.0066078596 | M5: =H5-L5 -> 3.6433921 | N5: =M5 -> 3.6433921 | O5: =ROUND(M5/H5*100,2) -> 99.82 | P5: 3.3 | Q5: 100 | R5: 5 | S5: 0.51 | T5: =S5 -> 0.51 | U5: =IFERROR(ROUND(S5/M5 *100,2),0) -> 14
A6: 46050 | B6: 2 | C6: 0.13402778 | D6: =D5+C6 -> 0.33888889 | E6: 16.666667 | F6: 12.885238 | G6: 21 | H6: =ROUND(E6*F6*1.84*(G6/60)*0.01,2) -> 1.38 | I6: 11.666667 | J6: 0.88952381 | K6: 21 | L6: =I6*J6*1.84*(K6/60)*0.01 -> 0.066832889 | M6: =H6-L6 -> 1.3131671 | N6: =N5+M6 -> 4.9565593 | O6: =ROUND(M6/H6*100,2) -> 95.16 | P6: 0.47111111 | Q6: 100 | R6: 45 | S6: 0.65 | T6: =T5+S6 -> 1.16 | U6: 4.77
A7: 46051 | B7: 3 | C7: 0.18263889 | D7: =D6+C7 -> 0.52152778 | E7: 25.422222 | F7: 12.93 | G7: 9 | H7: =ROUND(E7*F7*1.84*(G7/60)*0.01,2) -> 0.91 | I7: 11.333333 | J7: 0.12222222 | K7: 9 | L7: =I7*J7*1.84*(K7/60)*0.01 -> 0.0038231111 | M7: =H7-L7 -> 0.90617689 | N7: =N6+M7 -> 5.8627361 | O7: =ROUND(M7/H7*100,2) -> 99.58 | P7: 0 | Q7: 0 | R7: 0 | S7: 0 | T7: =T6+S7 -> 1.16 | U7: =IFERROR(ROUND(S7/M7 *100,2),0) -> 0
A8: 46055 | B8: 4 | C8: 0.23541667 | D8: =D7+C8 -> 0.75694444 | E8: 20.938182 | F8: 13 | G8: 110 | H8: =ROUND(E8*F8*1.84*(G8/60)*0.01,2) -> 9.18 | I8: 11.563636 | J8: 0.012636364 | K8: 110 | L8: =I8*J8*1.84*(K8/60)*0.01 -> 0.0049291927 | M8: =H8-L8 -> 9.1750708 | N8: =N7+M8 -> 15.037807 | O8: =ROUND(M8/H8*100,2) -> 99.95 | P8: 4.3454545 | Q8: 99.320909 | R8: 11 | S8: 1.46 | T8: =T7+S8 -> 2.62 | U8: =IFERROR(ROUND(S8/M8 *100,2),0) -> 15.91
A9: 46056 | B9: 5 | C9: 0.17291667 | D9: =D8+C9 -> 0.92986111 | E9: 15.269231 | F9: 12.507885 | G9: 52 | H9: 2.01 | I9: 15 | J9: 0.030961538 | K9: 52 | L9: =I9*J9*1.84*(K9/60)*0.01 -> 0.007406 | M9: =H9-L9 -> 2.002594 | N9: =N8+M9 -> 17.040401 | O9: =ROUND(M9/H9*100,2) -> 99.63 | P9: - | Q9: - | R9: - | S9: 0 | T9: =T8+S9 -> 2.62 | U9: =IFERROR(ROUND(S9/M9 *100,2),0) -> 0
A10: 46057 | B10: 6 | C10: 0.21944444 | D10: =D9+C10 -> 1.1493056 | E10: 15.4 | F10: 13.014808 | G10: 52 | H10: =ROUND(E10*F10*1.84*(G10/60)*0.01,2) -> 3.2 | I10: 13.923077 | J10: 0.038653846 | K10: 52 | L10: =I10*J10*1.84*(K10/60)*0.01 -> 0.0085821846 | M10: =H10-L10 -> 3.1914178 | N10: =N9+M10 -> 20.231819 | O10: =ROUND(M10/H10*100,2) -> 99.73 | P10: 5.7857143 | Q10: 99.764286 | R10: 7 | S10: 1.24 | T10: =T9+S10 -> 3.86 | U10: =IFERROR(ROUND(S10/M10 *100,2),0) -> 38.85
A11: 46058 | B11: 7 | C11: 0.19861111 | D11: =D10+C11 -> 1.3479167 | E11: 23.320313 | F11: 12.901094 | G11: 64 | H11: =ROUND(E11*F11*1.84*(G11/60)*0.01,2) -> 5.9 | I11: 13 | J11: 0.0403125 | K11: 64 | L11: =I11*J11*1.84*(K11/60)*0.01 -> 0.0102856 | M11: =H11-L11 -> 5.8897144 | N11: =N10+M11 -> 26.121533 | O11: =ROUND(M11/H11*100,2) -> 99.83 | P11: 4.125 | Q11: 97.515 | R11: 12 | S11: 1.48 | T11: =T10+S11 -> 5.34 | U11: =IFERROR(ROUND(S11/M11 *100,2),0) -> 25.13
A12: 46059 | B12: 8 | C12: 0.27430556 | D12: =D11+C12 -> 1.6222222 | E12: 27.169231 | F12: 12.39 | G12: 52 | H12: =ROUND(E12*F12*1.84*(G12/60)*0.01,2) -> 5.37 | I12: 13.807692 | J12: 0.025576923 | K12: 52 | L12: =I12*J12*1.84*(K12/60)*0.01 -> 0.0056316974 | M12: =H12-L12 -> 5.3643683 | N12: =N11+M12 -> 31.485901 | O12: =ROUND(M12/H12*100,2) -> 99.9 | P12: 2.6466667 | Q12: 99.460667 | R12: 15 | S12: 1.21 | T12: =T11+S12 -> 6.55 | U12: =IFERROR(ROUND(S12/M12 *100,2),0) -> 22.56
A13: 46062 | B13: 9 | C13: 0.25625 | D13: =D12+C13 -> 1.8784722 | E13: 22.31746 | F13: 12.488254 | G13: 63 | H13: =ROUND(E13*F13*1.84*(G13/60)*0.01,2) -> 5.38 | I13: 13.47619 | J13: 0.027619048 | K13: 63 | L13: =I13*J13*1.84*(K13/60)*0.01 -> 0.0071908952 | M13: =H13-L13 -> 5.3728091 | N13: =N12+M13 -> 36.858711 | O13: =ROUND(M13/H13*100,2) -> 99.87 | P13: 2.5466667 | Q13: 56.583389 | R13: 30 | S13: 1.33 | T13: =T12+S13 -> 7.88 | U13: =IFERROR(ROUND(S13/M13 *100,2),0) -> 24.75
A14: 46063 | B14: 10 | C14: 0.15 | D14: =D13+C14 -> 2.0284722 | E14: 24.038983 | F14: 12.311356 | G14: 59 | H14: =ROUND(E14*F14*1.84*(G14/60)*0.01,2) -> 5.35 | I14: 13.677966 | J14: 0.021864407 | K14: 59 | L14: =I14*J14*1.84*(K14/60)*0.01 -> 0.0054110034 | M14: =H14-L14 -> 5.344589 | N14: =N13+M14 -> 42.2033 | O14: =ROUND(M14/H14*100,2) -> 99.9 | P14: 1.8076923 | Q14: 79.864006 | R14: 52 | S14: 2.3 | T14: =T13+S14 -> 10.18 | U14: =IFERROR(ROUND(S14/M14 *100,2),0) -> 43.03
A15: 46064 | B15: 11 | C15: 0.26805556 | D15: =D14+C15 -> 2.2965278 | E15: 23.098529 | F15: 12.578529 | G15: 68 | H15: =ROUND(E15*F15*1.84*(G15/60)*0.01,2) -> 6.06 | I15: 11.882353 | J15: 0.039705882 | K15: 68 | L15: =I15*J15*1.84*(K15/60)*0.01 -> 0.0098385882 | M15: =H15-L15 -> 6.0501614 | N15: =N14+M15 -> 48.253461 | O15: =ROUND(M15/H15*100,2) -> 99.84 | P15: 0.66730769 | Q15: 55.612532 | R15: 104 | S15: 1.18 | T15: =T14+S15 -> 11.36 | U15: =IFERROR(ROUND(S15/M15 *100,2),0) -> 19.5
A16: 46065 | B16: 12 | C16: 0.32430556 | D16: =D15+C16 -> 2.6208333 | E16: 15.622449 | F16: 14.55 | G16: 49 | H16: =ROUND(E16*F16*1.84*(G16/60)*0.01,2) -> 3.42 | I16: 17.489796 | J16: 0.02755102 | K16: 49 | L16: =I16*J16*1.84*(K16/60)*0.01 -> 0.0072407755 | M16: =H16-L16 -> 3.4127592 | N16: =N15+M16 -> 51.66622 | O16: =ROUND(M16/H16*100,2) -> 99.79 | P16: 1.5452381 | Q16: 47.983016 | R16: 42 | S16: 0.95 | T16: =T15+S16 -> 12.31 | U16: =IFERROR(ROUND(S16/M16 *100,2),0) -> 27.84
A17: 46066 | B17: 13 | C17: 0.22777778 | D17: =D16+C17 -> 2.8486111 | E17: 22.473913 | F17: 11.725435 | G17: 46 | H17: =ROUND(E17*F17*1.84*(G17/60)*0.01,2) -> 3.72 | I17: 14 | J17: 0.022826087 | K17: 46 | L17: =I17*J17*1.84*(K17/60)*0.01 -> 0.004508 | M17: =H17-L17 -> 3.715492 | N17: =N16+M17 -> 55.381712 | O17: =ROUND(M17/H17*100,2) -> 99.88 | P17: 1.2090909 | Q17: 27.986061 | R17: 44 | S17: 0.46 | T17: =T16+S17 -> 12.77 | U17: =IFERROR(ROUND(S17/M17 *100,2),0) -> 12.38
A18: 46069 | B18: 14 | C18: 0.26319444 | D18: =D17+C18 -> 3.1118056 | E18: 21.26087 | F18: 11.517101 | G18: 69 | H18: =ROUND(E18*F18*1.84*(G18/60)*0.01,2) -> 5.18 | I18: 12.478261 | J18: 0.052608696 | K18: 69 | L18: =I18*J18*1.84*(K18/60)*0.01 -> 0.0138908 | M18: =H18-L18 -> 5.1661092 | N18: =N17+M18 -> 60.547821 | O18: =ROUND(M18/H18*100,2) -> 99.73 | P18: 2.0003257 | Q18: 33.547752 | R18: 51.166667 | S18: 1.05 | T18: =T17+S18 -> 13.82 | U18: =IFERROR(ROUND(S18/M18 *100,2),0) -> 20.32
A19: 46070 | B19: 15 | C19: 0.24722222 | D19: =D18+C19 -> 3.3590278 | E19: 22.272464 | F19: 11.372754 | G19: 69 | H19: =ROUND(E19*F19*1.84*(G19/60)*0.01,2) -> 5.36 | I19: 12.478261 | J19: 0.052608696 | K19: 69 | L19: =I19*J19*1.84*(K19/60)*0.01 -> 0.0138908 | M19: =H19-L19 -> 5.3461092 | N19: =N18+M19 -> 65.893931 | O19: =ROUND(M19/H19*100,2) -> 99.74 | P19: 2.1680851 | Q19: 57.502979 | R19: 47 | S19: 1.8 | T19: =T18+S19 -> 15.62 | U19: =IFERROR(ROUND(S19/M19 *100,2),0) -> 33.67
A20: 46071 | B20: 16 | C20: 0.23472222 | D20: =D19+C20 -> 3.59375 | E20: 21.814286 | F20: 11.474921 | G20: 63 | H20: =ROUND(E20*F20*1.84*(G20/60)*0.01,2) -> 4.84 | I20: 12.952381 | J20: 0.028412698 | K20: 63 | L20: =I20*J20*1.84*(K20/60)*0.01 -> 0.0071099937 | M20: =H20-L20 -> 4.83289 | N20: =N19+M20 -> 70.726821 | O20: =ROUND(M20/H20*100,2) -> 99.85 | P20: 2.296 | Q20: 31.674067 | R20: 25 | S20: 0.56 | T20: =T19+S20 -> 16.18 | U20: =IFERROR(ROUND(S20/M20 *100,2),0) -> 11.59
A21: 46076 | B21: 17 | C21: 0.22916667 | D21: =D20+C21 -> 3.8229167 | E21: 24.9 | F21: 11.772439 | G21: 41 | H21: =ROUND(E21*F21*1.84*(G21/60)*0.01,2) -> 3.69 | I21: 14.512195 | J21: 0.071707317 | K21: 41 | L21: =I21*J21*1.84*(K21/60)*0.01 -> 0.013084195 | M21: =H21-L21 -> 3.6769158 | N21: =N20+M21 -> 74.403736 | O21: =ROUND(M21/H21*100,2) -> 99.65 | P21: 2.4837209 | Q21: 22.486783 | R21: 43 | S21: 1.1 | T21: =T20+S21 -> 17.28 | U21: =IFERROR(ROUND(S21/M21 *100,2),0) -> 29.92
... A37: 46099 | B37: 33 | C37: 0.22638889 | D37: =D36+C37 -> 8.5284722 | E37: 14.185714 | F37: 13.878571 | G37: 14 | H37: =ROUND(E37*F37*1.84*(G37/60)*0.01,2) -> 0.85 | I37: 16 | J37: 0.2 | K37: 14 | L37: =I37*J37*1.84*(K37/60)*0.01 -> 0.013738667 | M37: =H37-L37 -> 0.83626133 | N37: =N36+M37 -> 109.82654 | O37: =ROUND(M37/H37*100,2) -> 98.38 | P37: 2.3923077 | Q37: 8.2163462 | R37: 26 | S37: 0.19 | T37: =T36+S37 -> 34.83 | U37: =IFERROR(ROUND(S37/M37 *100,2),0) -> 22.72
A38: 46100 | B38: 34 | D38: =D37+C38 -> 8.5284722 | H38: =ROUND(E38*F38*1.84*(G38/60)*0.01,2) -> 0 | L38: =I38*J38*1.84*(K38/60)*0.01 -> 0 | M38: =H38-L38 -> 0 | N38: =N37+M38 -> 109.82654 | O38: =ROUND(M38/H38*100,2) -> #DIV/0! | T38: =T37+S38 -> 34.83 | U38: =IFERROR(ROUND(S38/M38 *100,2),0) -> 0
A39: Total | D39: =D38 -> 8.5284722 | H39: =SUM(H5:H25) -> 88.62 | L39: =SUM(L5:L25) -> 0.23297944 | M39: =SUM(M5:M25) -> 88.387021 | N39: =N23 -> 80.430883 | O39: =AVERAGE(O5:O25) -> 99.554762 | T39: =T23 -> 18.23
B43: Time | L43: Adsorp | P43: Steam | AB43: Sorbent Aging
AB75: CO2 Capture&Recovery
AB102: CO2 Capture & Conc flue gas in

Sheet Graph reserve

Sheet UAE
G3: UAE 18 Dec 2025 | T3: ผล Operate 17 Dec 2025
G4: Inlet | H4: Date / time | I4: % O₂ | J4: ppm CO | K4: ppm NOx | L4: ppm NO | M4: ppm NO₂ | N4: % CO₂IR | O4: ppm SO₂ | P4: % Moisture
H5: 46009.463 | I5: 4.59 | J5: 0 | K5: 44.4 | L5: 44 | M5: 0.4 | N5: 19.23 | O5: 0 | P5: 4.96 | T5: Inlet | U5: Date / time | V5: % O₂ | W5: ppm CO | X5: ppm NOx | Y5: ppm NO | Z5: ppm NO₂ | AA5: % CO₂IR | AB5: ppm SO₂
H8: 46012.465 | I8: 4.32 | J8: 0 | K8: 44.3 | L8: 44 | M8: 0.3 | N8: 19.6 | O8: 0 | U8: 46008.449 | AA8: 12.58
H11: 46015.467 | I11: 4.31 | J11: 0 | K11: 45.4 | L11: 45 | M11: 0.4 | N11: 19.48 | O11: 0 | U11: 46008.451 | AA11: 12.58
H12: 46016.467 | I12: 4.1 | J12: 0 | K12: 44.9 | L12: 44 | M12: 0.9 | N12: 19.8 | O12: 0 | U12: 46008.452 | AA12: 12.58
H13: 46017.468 | I13: 4.17 | J13: 0 | K13: 45.1 | L13: 45 | M13: 0.1 | N13: 19.7 | O13: 0 | U13: 46008.453 | AA13: 12.58
H14: 46018.469 | I14: 4.1 | J14: 0 | K14: 45.4 | L14: 45 | M14: 0.4 | N14: 19.78 | O14: 0 | U14: 46008.454 | AA14: 12.58
G15: Average | I15: =AVERAGE(I5:I14) -> 4.265 | J15: =AVERAGE(J5:J14) -> 0 | K15: =AVERAGE(K5:K14) -> 44.916667 | L15: =AVERAGE(L5:L14) -> 44.5 | M15: =AVERAGE(M5:M14) -> 0.41666667 | N15: =AVERAGE(N5:N14) -> 19.598333 | O15: =AVERAGE(O5:O14) -> 0 | U15: 46008.454 | AA15: 12.58
T16: Average | AA16: =AVERAGE(AA8:AA15) -> 12.58
G17: Outlet absorption phase | H17: Date / time | I17: % O₂ | J17: ppm CO | K17: ppm NOx | L17: ppm NO | M17: ppm NO₂ | N17: % CO₂IR | O17: ppm SO₂ | P17: % Moisture
H18: 46009.419 | I18: 5.59 | J18: 0 | K18: 47.3 | L18: 47 | M18: 0.3 | N18: 0.32 | O18: 0 | P18: 2.09 | T18: Outlet absorption phase | U18: Date / time | V18: % O₂ | W18: ppm CO | X18: ppm NOx | Y18: ppm NO | Z18: ppm NO₂ | AA18: % CO₂IR | AB18: ppm SO₂
H19: 46009.419 | I19: 5.58 | J19: 0 | K19: 48.8 | L19: 48 | M19: 0.8 | N19: 0.31 | O19: 0 | U19: 46008.448 | AA19: 0
H20: 46009.42 | I20: 9.53 | J20: 0 | K20: 41.1 | L20: 41 | M20: 0.1 | N20: 0.31 | O20: 0 | U20: 46008.449 | AA20: 0
H21: 46009.421 | I21: 7.4 | J21: 0 | K21: 38.2 | L21: 38 | M21: 0.2 | N21: 0.3 | O21: 0 | U21: 46008.449 | AA21: 0
H23: 46009.422 | I23: 5.56 | J23: 0 | K23: 50.8 | L23: 50 | M23: 0.8 | N23: 0.29 | O23: 0 | U23: 46008.451 | AA23: 0
H24: 46009.423 | I24: 5.87 | J24: 0 | K24: 51.6 | L24: 51 | M24: 0.6 | N24: 0.29 | O24: 0 | U24: 46008.451 | AA24: 0
H25: 46009.424 | I25: 6.03 | J25: 0 | K25: 51.1 | L25: 51 | M25: 0.1 | N25: 0.29 | O25: 0 | U25: 46008.452 | AA25: 0
H26: 46009.424 | I26: 5.94 | J26: 0 | K26: 50 | L26: 50 | M26: 0 | N26: 0.28 | O26: 0 | U26: 46008.453 | AA26: 0
H27: 46009.425 | I27: 5.75 | J27: 0 | K27: 49.2 | L27: 49 | M27: 0.2 | N27: 0.28 | O27: 0 | U27: 46008.454 | AA27: 0
G28: Average | I28: =AVERAGE(I18:I27) -> 6.3611111 | J28: =AVERAGE(J18:J27) -> 0 | K28: =AVERAGE(K18:K27) -> 47.566667 | L28: =AVERAGE(L18:L27) -> 47.222222 | M28: =AVERAGE(M18:M27) -> 0.34444444 | N28: =AVERAGE(N18:N27) -> 0.29666667 | O28: =AVERAGE(O18:O27) -> 0 | U28: 46008.454 | AA28: 0
G30: Outlet Regen phase | H30: Date / time | I30: % O₂ | J30: ppm CO | K30: ppm NOx | L30: ppm NO | M30: ppm NO₂ | N30: % CO₂IR | O30: ppm SO₂ | P30: % Moisture
H31: 46009.604 | I31: 5.34 | J31: 24 | K31: 3.9 | L31: 2 | M31: 1.9 | N31: 74.9 | O31: 3 | P31: 4.99 | T31: Outlet Regen phase | U31: Date / time | V31: % O₂ | W31: ppm CO | X31: ppm NOx | Y31: ppm NO | Z31: ppm NO₂ | AA31: % CO₂IR | AB31: ppm SO₂
H32: 46009.605 | I32: 1.5 | J32: 19 | K32: 4.7 | L32: 4 | M32: 0.7 | N32: 95.92 | O32: 2 | U32: 46008.579 | AA32: 94.84
H33: 46009.606 | I33: 4.16 | J33: 15 | K33: 5.1 | L33: 5 | M33: 0.1 | N33: 91.5 | O33: 1 | U33: 46008.58 | AA33: 100
H34: 46009.606 | I34: 7.95 | J34: 11 | K34: 5 | L34: 5 | M34: 0 | N34: 81.95 | O34: 1 | U34: 46008.581 | AA34: 100
H35: 46009.607 | I35: 9.05 | J35: 9 | K35: 4.9 | L35: 4 | M35: 0.9 | N35: 73.75 | O35: 1 | U35: 46008.581 | AA35: 100
H36: 46009.608 | I36: 10.01 | J36: 8 | K36: 5 | L36: 5 | M36: 0 | N36: 68.52 | O36: 1 | U36: 46008.582 | AA36: 100
H37: 46009.608 | I37: 13.03 | J37: 6 | K37: 4 | L37: 4 | M37: 0 | N37: 47.09 | O37: 1 | U37: 46008.583 | AA37: 100
H38: 46009.609 | I38: 7.45 | J38: 11 | K38: 7.2 | L38: 7 | M38: 0.2 | N38: 77.16 | O38: 1 | U38: 46008.583 | AA38: 100
H39: 46009.61 | I39: 6.7 | J39: 13 | K39: 7.9 | L39: 7 | M39: 0.9 | N39: 81.36 | O39: 1 | U39: 46008.584 | AA39: 100
H40: 46009.61 | I40: 7.56 | J40: 12 | K40: 8 | L40: 8 | M40: 0 | N40: 78.49 | O40: 1 | U40: 46008.585 | AA40: 100
G41: Average | I41: =AVERAGE(I31:I40) -> 7.275 | J41: =AVERAGE(J31:J40) -> 12.8 | K41: =AVERAGE(K31:K40) -> 5.57 | L41: =AVERAGE(L31:L40) -> 5.1 | M41: =AVERAGE(M31:M40) -> 0.47 | N41: =AVERAGE(N31:N40) -> 77.064 | O41: =AVERAGE(O31:O40) -> 1.3 | U41: 46008.585 | AA41: 100
T42: Average | AA42: =AVERAGE(AA32:AA41) -> 99.484
B47: Captured
B75: Regen

Sheet Run 1 Gen 1 with 10%, 17.1% (2)
A1: Run 1 Gen 1
B3: Day | C3: Operating Hour | D3: Operating Hour Cumulative Gen 1 | E3: CO₂In during adsorption | M3: CO₂Out during adsorption | Q3: CO₂ Captured | Z3: CO₂Regen during steaming | AK3: C vol 10% | AM3: Cumu 10% | AN3: C vol 17.1% | AP3: Cumu 17.1%
E4: Q (Nm³/h) | F4: C (vol%) | I4: T (min) | J4: CO₂ (kg) | M4: Q (Nm³/h) | N4: C (vol%) | O4: T (min) | P4: CO₂ (kg) | Q4: kg/cycle | T4: Run 1 Gen 1 | W4: % Captured | Z4: Q (Nm³/h) | AA4: C (vol%) | AB4: T (min) | AC4: CO₂ (kg) | AD4: % Utilization
F5: 10.1 | G5: 14.9 | H5: 17.1 | J5: 10.1 | K5: 14.9 | L5: 17.1 | Q5: 10.1 | R5: 14.9 | S5: 17.1 | T5: 10.1 | U5: 14.9 | V5: 17.1 | W5: 10.1 | X5: 14.9 | Y5: 17.1 | AD5: 10.1 | AE5: 14.9 | AF5: 17.1
A6: 45903 | B6: 1 | C6: 0.27916667 | D6: 0.27916667 | E6: 18.08 | F6: 10.1 | G6: 14.9 | H6: 17.1 | I6: 47.83 | J6: =IFERROR(ROUND(E6*F6*1.84*(I6/60)*0.01,2),0) -> 2.68 | K6: =IFERROR(ROUND(E6*G6*1.84*(I6/60)*0.01,2),0) -> 3.95 | L6: =IFERROR(ROUND(E6*H6*1.84*(I6/60)*0.01,2),0) -> 4.53 | M6: 15 | N6: 0.00052 | O6: 47.83 | P6: =ROUND(M6*N6*1.84*(O6/60)*0.01,5) -> 0.00011 | Q6: =IFERROR(J6-$P6,0) -> 2.67989 | R6: =IFERROR(K6-$P6,0) -> 3.94989 | S6: =IFERROR(L6-$P6,0) -> 4.52989 | T6: =Q6 -> 2.67989 | U6: =R6 -> 3.94989 | V6: =S6 -> 4.52989 | W6: =IFERROR(ROUND(Q6/J6*100,2),0) -> 100 | X6: =IFERROR(ROUND(R6/K6*100,2),0) -> 100 | Y6: =IFERROR(ROUND(S6/L6*100,2),0) -> 100 | Z6: 0.2 | AA6: 53.88 | AB6: 60.5 | AC6: =ROUND(Z6*AA6*1.84*(AB6/60)*0.01,2) -> 0.2 | AD6: =IFERROR(ROUND($AC6/Q6*100,2),0) -> 7.46 | AE6: =IFERROR(ROUND($AC6/R6*100,2),0) -> 5.06 | AF6: =IFERROR(ROUND($AC6/S6*100,2),0) -> 4.42 | AH6: *Cal use conc UAE all cycle | AK6: 10 | AL6: =IFERROR(ROUND(E6*AK6*1.84*(I6/60)*0.01,2),0) -> 2.65 | AM6: =AL6 -> 2.65 | AN6: 17.1 | AO6: =IFERROR(ROUND(E6*AN6*1.84*(I6/60)*0.01,2),"0") -> 4.53 | AP6: =AO6 -> 4.53
A7: 45905 | B7: 2 | C7: 0.33472222 | D7: =D6+C7 -> 0.61388889 | E7: 15.319811 | F7: 10.1 | G7: 14.9 | H7: 17.1 | I7: 141.16667 | J7: =IFERROR(ROUND(E7*F7*1.84*(I7/60)*0.01,2),0) -> 6.7 | K7: =IFERROR(ROUND(E7*G7*1.84*(I7/60)*0.01,2),0) -> 9.88 | L7: =IFERROR(ROUND(E7*H7*1.84*(I7/60)*0.01,2),0) -> 11.34 | M7: 15 | N7: 0.00015898585 | O7: 141.16667 | P7: =ROUND(M7*N7*1.84*(O7/60)*0.01,5) -> 0.0001 | Q7: =IFERROR(J7-$P7,0) -> 6.6999 | R7: =IFERROR(K7-$P7,0) -> 9.8799 | S7: =IFERROR(L7-$P7,0) -> 11.3399 | T7: =T6+Q7 -> 9.37979 | U7: =U6+R7 -> 13.82979 | V7: =V6+S7 -> 15.86979 | W7: =IFERROR(ROUND(Q7/J7*100,2),0) -> 100 | X7: =IFERROR(ROUND(R7/K7*100,2),0) -> 100 | Y7: =IFERROR(ROUND(S7/L7*100,2),0) -> 100 | Z7: 0.20002732 | AA7: 53.88 | AB7: 60.833333 | AC7: =ROUND(Z7*AA7*1.84*(AB7/60)*0.01,2) -> 0.2 | AD7: =IFERROR(ROUND($AC7/Q7*100,2),0) -> 2.99 | AE7: =IFERROR(ROUND($AC7/R7*100,2),0) -> 2.02 | AF7: =IFERROR(ROUND($AC7/S7*100,2),0) -> 1.76 | AK7: 10 | AL7: =IFERROR(ROUND(E7*AK7*1.84*(I7/60)*0.01,2),0) -> 6.63 | AM7: =AM6+AL7 -> 9.28 | AN7: 17.1 | AO7: =IFERROR(ROUND(E7*AN7*1.84*(I7/60)*0.01,2),"0") -> 11.34 | AP7: =AP6+AO7 -> 15.87
A8: 45908 | B8: 3 | C8: 0.24722222 | D8: =D7+C8 -> 0.86111111 | E8: 16.68 | F8: 10.1 | G8: 14.9 | H8: 17.1 | I8: 92.333333 | J8: =IFERROR(ROUND(E8*F8*1.84*(I8/60)*0.01,2),0) -> 4.77 | K8: =IFERROR(ROUND(E8*G8*1.84*(I8/60)*0.01,2),0) -> 7.04 | L8: =IFERROR(ROUND(E8*H8*1.84*(I8/60)*0.01,2),0) -> 8.08 | M8: 15 | N8: 0.0016387387 | O8: 92.333333 | P8: =ROUND(M8*N8*1.84*(O8/60)*0.01,5) -> 0.0007 | Q8: =IFERROR(J8-$P8,0) -> 4.7693 | R8: =IFERROR(K8-$P8,0) -> 7.0393 | S8: =IFERROR(L8-$P8,0) -> 8.0793 | T8: =T7+Q8 -> 14.14909 | U8: =U7+R8 -> 20.86909 | V8: =V7+S8 -> 23.94909 | W8: =IFERROR(ROUND(Q8/J8*100,2),0) -> 99.99 | X8: =IFERROR(ROUND(R8/K8*100,2),0) -> 99.99 | Y8: =IFERROR(ROUND(S8/L8*100,2),0) -> 99.99 | Z8: 0.5 | AA8: 53.88 | AB8: 60.833333 | AC8: =ROUND(Z8*AA8*1.84*(AB8/60)*0.01,2) -> 0.5 | AD8: =IFERROR(ROUND($AC8/Q8*100,2),0) -> 10.48 | AE8: =IFERROR(ROUND($AC8/R8*100,2),0) -> 7.1 | AF8: =IFERROR(ROUND($AC8/S8*100,2),0) -> 6.19 | AH8: *36.91 is a strange value from period | AK8: 10 | AL8: =IFERROR(ROUND(E8*AK8*1.84*(I8/60)*0.01,2),0) -> 4.72 | AM8: =AM7+AL8 -> 14 | AN8: 17.1 | AO8: =IFERROR(ROUND(E8*AN8*1.84*(I8/60)*0.01,2),"0") -> 8.08 | AP8: =AP7+AO8 -> 23.95
A9: 45909 | B9: 4 | C9: 0.28055556 | D9: =D8+C9 -> 1.1416667 | E9: 16.57 | F9: 10.1 | G9: 14.9 | H9: 17.1 | I9: 107.16667 | J9: =IFERROR(ROUND(E9*F9*1.84*(I9/60)*0.01,2),0) -> 5.5 | K9: =IFERROR(ROUND(E9*G9*1.84*(I9/60)*0.01,2),0) -> 8.11 | L9: =IFERROR(ROUND(E9*H9*1.84*(I9/60)*0.01,2),0) -> 9.31 | M9: 15 | N9: 0.00059543478 | O9: 107.16667 | P9: =ROUND(M9*N9*1.84*(O9/60)*0.01,5) -> 0.00029 | Q9: =IFERROR(J9-$P9,0) -> 5.49971 | R9: =IFERROR(K9-$P9,0) -> 8.10971 | S9: =IFERROR(L9-$P9,0) -> 9.30971 | T9: =T8+Q9 -> 19.6488 | U9: =U8+R9 -> 28.9788 | V9: =V8+S9 -> 33.2588 | W9: =IFERROR(ROUND(Q9/J9*100,2),0) -> 99.99 | X9: =IFERROR(ROUND(R9/K9*100,2),0) -> 100 | Y9: =IFERROR(ROUND(S9/L9*100,2),0) -> 100 | Z9: 0.46 | AA9: 53.88 | AB9: 60.833333 | AC9: =ROUND(Z9*AA9*1.84*(AB9/60)*0.01,2) -> 0.46 | AD9: =IFERROR(ROUND($AC9/Q9*100,2),0) -> 8.36 | AE9: =IFERROR(ROUND($AC9/R9*100,2),0) -> 5.67 | AF9: =IFERROR(ROUND($AC9/S9*100,2),0) -> 4.94 | AK9: 10 | AL9: =IFERROR(ROUND(E9*AK9*1.84*(I9/60)*0.01,2),0) -> 5.45 | AM9: =AM8+AL9 -> 19.45 | AN9: 17.1 | AO9: =IFERROR(ROUND(E9*AN9*1.84*(I9/60)*0.01,2),"0") -> 9.31 | AP9: =AP8+AO9 -> 33.26
A10: 45911 | B10: 5 | C10: 0.27222222 | D10: =D9+C10 -> 1.4138889 | E10: 16.08 | F10: 10.1 | G10: 14.9 | H10: 17.1 | I10: 292.16667 | J10: =IFERROR(ROUND(E10*F10*1.84*(I10/60)*0.01,2),0) -> 14.55 | K10: =IFERROR(ROUND(E10*G10*1.84*(I10/60)*0.01,2),0) -> 21.47 | L10: =IFERROR(ROUND(E10*H10*1.84*(I10/60)*0.01,2),0) -> 24.64 | M10: 5 | N10: 0.00052880274 | O10: 292.16667 | P10: =ROUND(M10*N10*1.84*(O10/60)*0.01,5) -> 0.00024 | Q10: =IFERROR(J10-$P10,0) -> 14.54976 | R10: =IFERROR(K10-$P10,0) -> 21.46976 | S10: =IFERROR(L10-$P10,0) -> 24.63976 | T10: =T9+Q10 -> 34.19856 | U10: =U9+R10 -> 50.44856 | V10: =V9+S10 -> 57.89856 | W10: =IFERROR(ROUND(Q10/J10*100,2),0) -> 100 | X10: =IFERROR(ROUND(R10/K10*100,2),0) -> 100 | Y10: =IFERROR(ROUND(S10/L10*100,2),0) -> 100 | Z10: - | AA10: - | AB10: - | AC10: - | AD10: =IFERROR(ROUND($AC10/Q10*100,2),0) -> 0 | AE10: =IFERROR(ROUND($AC10/R10*100,2),0) -> 0 | AF10: =IFERROR(ROUND($AC10/S10*100,2),0) -> 0 | AK10: 10 | AL10: =IFERROR(ROUND(E10*AK10*1.84*(I10/60)*0.01,2),0) -> 14.41 | AM10: =AM9+AL10 -> 33.86 | AN10: 17.1 | AO10: =IFERROR(ROUND(E10*AN10*1.84*(I10/60)*0.01,2),"0") -> 24.64 | AP10: =AP9+AO10 -> 57.9
A11: 45912 | B11: 6 | C11: 0.22152778 | D11: =D10+C11 -> 1.6354167 | E11: 26.75 | F11: 10.1 | G11: 14.9 | H11: 17.1 | I11: 44.833333 | J11: =IFERROR(ROUND(E11*F11*1.84*(I11/60)*0.01,2),0) -> 3.71 | K11: =IFERROR(ROUND(E11*G11*1.84*(I11/60)*0.01,2),0) -> 5.48 | L11: =IFERROR(ROUND(E11*H11*1.84*(I11/60)*0.01,2),0) -> 6.29 | M11: 15 | N11: 4.0222222e-05 | O11: 44.833333 | P11: =ROUND(M11*N11*1.84*(O11/60)*0.01,5) -> 1e-05 | Q11: =IFERROR(J11-$P11,0) -> 3.70999 | R11: =IFERROR(K11-$P11,0) -> 5.47999 | S11: =IFERROR(L11-$P11,0) -> 6.28999 | T11: =T10+Q11 -> 37.90855 | U11: =U10+R11 -> 55.92855 | V11: =V10+S11 -> 64.18855 | W11: =IFERROR(ROUND(Q11/J11*100,2),0) -> 100 | X11: =IFERROR(ROUND(R11/K11*100,2),0) -> 100 | Y11: =IFERROR(ROUND(S11/L11*100,2),0) -> 100 | Z11: 1.08 | AA11: 53.88 | AB11: 75.833333 | AC11: =ROUND(Z11*AA11*1.84*(AB11/60)*0.01,2) -> 1.35 | AD11: =IFERROR(ROUND($AC11/Q11*100,2),0) -> 36.39 | AE11: =IFERROR(ROUND($AC11/R11*100,2),0) -> 24.64 | AF11: =IFERROR(ROUND($AC11/S11*100,2),0) -> 21.46 | AK11: 10 | AL11: =IFERROR(ROUND(E11*AK11*1.84*(I11/60)*0.01,2),0) -> 3.68 | AM11: =AM10+AL11 -> 37.54 | AN11: 17.1 | AO11: =IFERROR(ROUND(E11*AN11*1.84*(I11/60)*0.01,2),"0") -> 6.29 | AP11: =AP10+AO11 -> 64.19
A12: 45915 | B12: 7 | C12: 0.29652778 | D12: =D11+C12 -> 1.9319444 | E12: - | F12: 10.1 | G12: 14.9 | H12: 17.1 | I12: - | J12: =IFERROR(ROUND(E12*F12*1.84*(I12/60)*0.01,2),0) -> 0 | K12: =IFERROR(ROUND(E12*G12*1.84*(I12/60)*0.01,2),0) -> 0 | L12: =IFERROR(ROUND(E12*H12*1.84*(I12/60)*0.01,2),0) -> 0 | M12: - | N12: - | O12: - | P12: - | Q12: =IFERROR(J12-$P12,0) -> 0 | R12: =IFERROR(K12-$P12,0) -> 0 | S12: =IFERROR(L12-$P12,0) -> 0 | T12: =T11+Q12 -> 37.90855 | U12: =U11+R12 -> 55.92855 | V12: =V11+S12 -> 64.18855 | W12: - | X12: - | Y12: - | Z12: 1.34 | AA12: 53.88 | AB12: 60.833333 | AC12: =ROUND(Z12*AA12*1.84*(AB12/60)*0.01,2) -> 1.35 | AD12: =IFERROR(ROUND($AC12/Q12*100,2),0) -> 0 | AE12: =IFERROR(ROUND($AC12/R12*100,2),0) -> 0 | AF12: =IFERROR(ROUND($AC12/S12*100,2),0) -> 0 | AH12: *91.06 is a strange value from period | AK12: 10 | AL12: =IFERROR(ROUND(E12*AK12*1.84*(I12/60)*0.01,2),0) -> 0 | AM12: =AM11+AL12 -> 37.54 | AN12: 17.1 | AO12: =IFERROR(ROUND(E12*AN12*1.84*(I12/60)*0.01,2),"0") -> 0 | AP12: =AP11+AO12 -> 64.19
A13: 45916 | B13: 8 | C13: 0.27222222 | D13: =D12+C13 -> 2.2041667 | E13: 25.379024 | F13: 10.1 | G13: 14.9 | H13: 17.1 | I13: 68.166667 | J13: =IFERROR(ROUND(E13*F13*1.84*(I13/60)*0.01,2),0) -> 5.36 | K13: =IFERROR(ROUND(E13*G13*1.84*(I13/60)*0.01,2),0) -> 7.9 | L13: =IFERROR(ROUND(E13*H13*1.84*(I13/60)*0.01,2),0) -> 9.07 | M13: 10.487805 | N13: 0.00069787805 | O13: 68.166667 | P13: =ROUND(M13*N13*1.84*(O13/60)*0.01,5) -> 0.00015 | Q13: =IFERROR(J13-$P13,0) -> 5.35985 | R13: =IFERROR(K13-$P13,0) -> 7.89985 | S13: =IFERROR(L13-$P13,0) -> 9.06985 | T13: =T12+Q13 -> 43.2684 | U13: =U12+R13 -> 63.8284 | V13: =V12+S13 -> 73.2584 | W13: =IFERROR(ROUND(Q13/J13*100,2),0) -> 100 | X13: =IFERROR(ROUND(R13/K13*100,2),0) -> 100 | Y13: =IFERROR(ROUND(S13/L13*100,2),0) -> 100 | Z13: 1.3312568 | AA13: 53.88 | AB13: 60.833333 | AC13: =ROUND(Z13*AA13*1.84*(AB13/60)*0.01,2) -> 1.34 | AD13: =IFERROR(ROUND($AC13/Q13*100,2),0) -> 25 | AE13: =IFERROR(ROUND($AC13/R13*100,2),0) -> 16.96 | AF13: =IFERROR(ROUND($AC13/S13*100,2),0) -> 14.77 | AK13: 10 | AL13: =IFERROR(ROUND(E13*AK13*1.84*(I13/60)*0.01,2),0) -> 5.31 | AM13: =AM12+AL13 -> 42.85 | AN13: 17.1 | AO13: =IFERROR(ROUND(E13*AN13*1.84*(I13/60)*0.01,2),"0") -> 9.07 | AP13: =AP12+AO13 -> 73.26
A14: 45922 | B14: 9 | C14: 0.24791667 | D14: =D13+C14 -> 2.4520833 | E14: 18.865612 | F14: 10.1 | G14: 14.9 | H14: 17.1 | I14: 78.833333 | J14: =IFERROR(ROUND(E14*F14*1.84*(I14/60)*0.01,2),0) -> 4.61 | K14: =IFERROR(ROUND(E14*G14*1.84*(I14/60)*0.01,2),0) -> 6.8 | L14: =IFERROR(ROUND(E14*H14*1.84*(I14/60)*0.01,2),0) -> 7.8 | M14: 12.860759 | N14: 0.00074373418 | O14: 78.833333 | P14: =ROUND(M14*N14*1.84*(O14/60)*0.01,5) -> 0.00023 | Q14: =IFERROR(J14-$P14,0) -> 4.60977 | R14: =IFERROR(K14-$P14,0) -> 6.79977 | S14: =IFERROR(L14-$P14,0) -> 7.79977 | T14: =T13+Q14 -> 47.87817 | U14: =U13+R14 -> 70.62817 | V14: =V13+S14 -> 81.05817 | W14: =IFERROR(ROUND(Q14/J14*100,2),0) -> 100 | X14: =IFERROR(ROUND(R14/K14*100,2),0) -> 100 | Y14: =IFERROR(ROUND(S14/L14*100,2),0) -> 100 | Z14: 0.98292683 | AA14: 53.88 | AB14: 40.833333 | AC14: =ROUND(Z14*AA14*1.84*(AB14/60)*0.01,2) -> 0.66 | AD14: =IFERROR(ROUND($AC14/Q14*100,2),0) -> 14.32 | AE14: =IFERROR(ROUND($AC14/R14*100,2),0) -> 9.71 | AF14: =IFERROR(ROUND($AC14/S14*100,2),0) -> 8.46 | AK14: 10 | AL14: =IFERROR(ROUND(E14*AK14*1.84*(I14/60)*0.01,2),0) -> 4.56 | AM14: =AM13+AL14 -> 47.41 | AN14: 17.1 | AO14: =IFERROR(ROUND(E14*AN14*1.84*(I14/60)*0.01,2),"0") -> 7.8 | AP14: =AP13+AO14 -> 81.06
A15: 45924 | B15: 10 | C15: 0.25416667 | D15: =D14+C15 -> 2.70625 | E15: 19.039614 | F15: 10.1 | G15: 14.9 | H15: 17.1 | I15: 68.833333 | J15: =IFERROR(ROUND(E15*F15*1.84*(I15/60)*0.01,2),0) -> 4.06 | K15: =IFERROR(ROUND(E15*G15*1.84*(I15/60)*0.01,2),0) -> 5.99 | L15: =IFERROR(ROUND(E15*H15*1.84*(I15/60)*0.01,2),0) -> 6.87 | M15: 8.1698068 | N15: 0.0027598068 | O15: 68.833333 | P15: =ROUND(M15*N15*1.84*(O15/60)*0.01,5) -> 0.00048 | Q15: =IFERROR(J15-$P15,0) -> 4.05952 | R15: =IFERROR(K15-$P15,0) -> 5.98952 | S15: =IFERROR(L15-$P15,0) -> 6.86952 | T15: =T14+Q15 -> 51.93769 | U15: =U14+R15 -> 76.61769 | V15: =V14+S15 -> 87.92769 | W15: =IFERROR(ROUND(Q15/J15*100,2),0) -> 99.99 | X15: =IFERROR(ROUND(R15/K15*100,2),0) -> 99.99 | Y15: =IFERROR(ROUND(S15/L15*100,2),0) -> 99.99 | Z15: 0.35327869 | AA15: 53.88 | AB15: 60.833333 | AC15: =ROUND(Z15*AA15*1.84*(AB15/60)*0.01,2) -> 0.36 | AD15: =IFERROR(ROUND($AC15/Q15*100,2),0) -> 8.87 | AE15: =IFERROR(ROUND($AC15/R15*100,2),0) -> 6.01 | AF15: =IFERROR(ROUND($AC15/S15*100,2),0) -> 5.24 | AK15: 10 | AL15: =IFERROR(ROUND(E15*AK15*1.84*(I15/60)*0.01,2),0) -> 4.02 | AM15: =AM14+AL15 -> 51.43 | AN15: 17.1 | AO15: =IFERROR(ROUND(E15*AN15*1.84*(I15/60)*0.01,2),"0") -> 6.87 | AP15: =AP14+AO15 -> 87.93
A16: 45925 | B16: 11 | C16: 0.22361111 | D16: =D15+C16 -> 2.9298611 | E16: 17.254264 | F16: 10.1 | G16: 14.9 | H16: 17.1 | I16: 64.333333 | J16: =IFERROR(ROUND(E16*F16*1.84*(I16/60)*0.01,2),0) -> 3.44 | K16: =IFERROR(ROUND(E16*G16*1.84*(I16/60)*0.01,2),0) -> 5.07 | L16: =IFERROR(ROUND(E16*H16*1.84*(I16/60)*0.01,2),0) -> 5.82 | M16: 15.471318 | N16: 0.0008803876 | O16: 64.333333 | P16: =ROUND(M16*N16*1.84*(O16/60)*0.01,5) -> 0.00027 | Q16: =IFERROR(J16-$P16,0) -> 3.43973 | R16: =IFERROR(K16-$P16,0) -> 5.06973 | S16: =IFERROR(L16-$P16,0) -> 5.81973 | T16: =T15+Q16 -> 55.37742 | U16: =U15+R16 -> 81.68742 | V16: =V15+S16 -> 93.74742 | W16: =IFERROR(ROUND(Q16/J16*100,2),0) -> 99.99 | X16: =IFERROR(ROUND(R16/K16*100,2),0) -> 99.99 | Y16: =IFERROR(ROUND(S16/L16*100,2),0) -> 100 | Z16: 0.61743169 | AA16: 53.88 | AB16: 60.833333 | AC16: =ROUND(Z16*AA16*1.84*(AB16/60)*0.01,2) -> 0.62 | AD16: =IFERROR(ROUND($AC16/Q16*100,2),0) -> 18.02 | AE16: =IFERROR(ROUND($AC16/R16*100,2),0) -> 12.23 | AF16: =IFERROR(ROUND($AC16/S16*100,2),0) -> 10.65 | AK16: 10 | AL16: =IFERROR(ROUND(E16*AK16*1.84*(I16/60)*0.01,2),0) -> 3.4 | AM16: =AM15+AL16 -> 54.83 | AN16: 17.1 | AO16: =IFERROR(ROUND(E16*AN16*1.84*(I16/60)*0.01,2),"0") -> 5.82 | AP16: =AP15+AO16 -> 93.75
A17: 45926 | B17: 12 | C17: 0.21527778 | D17: =D16+C17 -> 3.1451389 | E17: 18.801327 | F17: 10.1 | G17: 14.9 | H17: 17.1 | I17: 75.166667 | J17: =IFERROR(ROUND(E17*F17*1.84*(I17/60)*0.01,2),0) -> 4.38 | K17: =IFERROR(ROUND(E17*G17*1.84*(I17/60)*0.01,2),0) -> 6.46 | L17: =IFERROR(ROUND(E17*H17*1.84*(I17/60)*0.01,2),0) -> 7.41 | M17: 13.846903 | N17: 0.0012424336 | O17: 75.166667 | P17: =ROUND(M17*N17*1.84*(O17/60)*0.01,5) -> 0.0004 | Q17: =IFERROR(J17-$P17,0) -> 4.3796 | R17: =IFERROR(K17-$P17,0) -> 6.4596 | S17: =IFERROR(L17-$P17,0) -> 7.4096 | T17: =T16+Q17 -> 59.75702 | U17: =U16+R17 -> 88.14702 | V17: =V16+S17 -> 101.15702 | W17: =IFERROR(ROUND(Q17/J17*100,2),0) -> 99.99 | X17: =IFERROR(ROUND(R17/K17*100,2),0) -> 99.99 | Y17: =IFERROR(ROUND(S17/L17*100,2),0) -> 99.99 | Z17: 0.71112022 | AA17: 53.88 | AB17: 60.833333 | AC17: =ROUND(Z17*AA17*1.84*(AB17/60)*0.01,2) -> 0.71 | AD17: =IFERROR(ROUND($AC17/Q17*100,2),0) -> 16.21 | AE17: =IFERROR(ROUND($AC17/R17*100,2),0) -> 10.99 | AF17: =IFERROR(ROUND($AC17/S17*100,2),0) -> 9.58 | AK17: 10 | AL17: =IFERROR(ROUND(E17*AK17*1.84*(I17/60)*0.01,2),0) -> 4.33 | AM17: =AM16+AL17 -> 59.16 | AN17: 17.1 | AO17: =IFERROR(ROUND(E17*AN17*1.84*(I17/60)*0.01,2),"0") -> 7.41 | AP17: =AP16+AO17 -> 101.16
A18: 45929 | B18: 13 | C18: 0.25277778 | D18: =D17+C18 -> 3.3979167 | E18: 16.914676 | F18: 10.1 | G18: 14.9 | H18: 17.1 | I18: 97.5 | J18: =IFERROR(ROUND(E18*F18*1.84*(I18/60)*0.01,2),0) -> 5.11 | K18: =IFERROR(ROUND(E18*G18*1.84*(I18/60)*0.01,2),0) -> 7.54 | L18: =IFERROR(ROUND(E18*H18*1.84*(I18/60)*0.01,2),0) -> 8.65 | M18: 8.1744027 | N18: 0.00047220137 | O18: 97.5 | P18: =ROUND(M18*N18*1.84*(O18/60)*0.01,5) -> 0.00012 | Q18: =IFERROR(J18-$P18,0) -> 5.10988 | R18: =IFERROR(K18-$P18,0) -> 7.53988 | S18: =IFERROR(L18-$P18,0) -> 8.64988 | T18: =T17+Q18 -> 64.8669 | U18: =U17+R18 -> 95.6869 | V18: =V17+S18 -> 109.8069 | W18: =IFERROR(ROUND(Q18/J18*100,2),0) -> 100 | X18: =IFERROR(ROUND(R18/K18*100,2),0) -> 100 | Y18: =IFERROR(ROUND(S18/L18*100,2),0) -> 100 | Z18: 0.64997268 | AA18: 53.88 | AB18: 60.833333 | AC18: =ROUND(Z18*AA18*1.84*(AB18/60)*0.01,2) -> 0.65 | AD18: =IFERROR(ROUND($AC18/Q18*100,2),0) -> 12.72 | AE18: =IFERROR(ROUND($AC18/R18*100,2),0) -> 8.62 | AF18: =IFERROR(ROUND($AC18/S18*100,2),0) -> 7.51 | AK18: 10 | AL18: =IFERROR(ROUND(E18*AK18*1.84*(I18/60)*0.01,2),0) -> 5.06 | AM18: =AM17+AL18 -> 64.22 | AN18: 17.1 | AO18: =IFERROR(ROUND(E18*AN18*1.84*(I18/60)*0.01,2),"0") -> 8.65 | AP18: =AP17+AO18 -> 109.81
A19: 45930 | B19: 14 | C19: 0.27291667 | D19: =D18+C19 -> 3.6708333 | E19: 16.450639 | F19: 10.1 | G19: 14.9 | H19: 17.1 | I19: 65 | J19: =IFERROR(ROUND(E19*F19*1.84*(I19/60)*0.01,2),0) -> 3.31 | K19: =IFERROR(ROUND(E19*G19*1.84*(I19/60)*0.01,2),0) -> 4.89 | L19: =IFERROR(ROUND(E19*H19*1.84*(I19/60)*0.01,2),0) -> 5.61 | M19: 11.693095 | N19: 0.0012670844 | O19: 65 | P19: =ROUND(M19*N19*1.84*(O19/60)*0.01,5) -> 0.0003 | Q19: =IFERROR(J19-$P19,0) -> 3.3097 | R19: =IFERROR(K19-$P19,0) -> 4.8897 | S19: =IFERROR(L19-$P19,0) -> 5.6097 | T19: =T18+Q19 -> 68.1766 | U19: =U18+R19 -> 100.5766 | V19: =V18+S19 -> 115.4166 | W19: =IFERROR(ROUND(Q19/J19*100,2),0) -> 99.99 | X19: =IFERROR(ROUND(R19/K19*100,2),0) -> 99.99 | Y19: =IFERROR(ROUND(S19/L19*100,2),0) -> 99.99 | Z19: 0.63377049 | AA19: 53.88 | AB19: 60.833333 | AC19: =ROUND(Z19*AA19*1.84*(AB19/60)*0.01,2) -> 0.64 | AD19: =IFERROR(ROUND($AC19/Q19*100,2),0) -> 19.34 | AE19: =IFERROR(ROUND($AC19/R19*100,2),0) -> 13.09 | AF19: =IFERROR(ROUND($AC19/S19*100,2),0) -> 11.41 | AK19: 10 | AL19: =IFERROR(ROUND(E19*AK19*1.84*(I19/60)*0.01,2),0) -> 3.28 | AM19: =AM18+AL19 -> 67.5 | AN19: 17.1 | AO19: =IFERROR(ROUND(E19*AN19*1.84*(I19/60)*0.01,2),"0") -> 5.61 | AP19: =AP18+AO19 -> 115.42
A20: 45931 | B20: 15 | C20: 0.21944444 | D20: =D19+C20 -> 3.8902778 | E20: 14.8 | F20: 10.1 | G20: 14.9 | H20: 17.1 | I20: 49.833333 | J20: =IFERROR(ROUND(E20*F20*1.84*(I20/60)*0.01,2),0) -> 2.28 | K20: =IFERROR(ROUND(E20*G20*1.84*(I20/60)*0.01,2),0) -> 3.37 | L20: =IFERROR(ROUND(E20*H20*1.84*(I20/60)*0.01,2),0) -> 3.87 | M20: 11.76 | N20: 0.0061263 | O20: 49.833333 | P20: =ROUND(M20*N20*1.84*(O20/60)*0.01,5) -> 0.0011 | Q20: =IFERROR(J20-$P20,0) -> 2.2789 | R20: =IFERROR(K20-$P20,0) -> 3.3689 | S20: =IFERROR(L20-$P20,0) -> 3.8689 | T20: =T19+Q20 -> 70.4555 | U20: =U19+R20 -> 103.9455 | V20: =V19+S20 -> 119.2855 | W20: =IFERROR(ROUND(Q20/J20*100,2),0) -> 99.95 | X20: =IFERROR(ROUND(R20/K20*100,2),0) -> 99.97 | Y20: =IFERROR(ROUND(S20/L20*100,2),0) -> 99.97 | Z20: 0.6602459 | AA20: 53.88 | AB20: 60.833333 | AC20: =ROUND(Z20*AA20*1.84*(AB20/60)*0.01,2) -> 0.66 | AD20: =IFERROR(ROUND($AC20/Q20*100,2),0) -> 28.96 | AE20: =IFERROR(ROUND($AC20/R20*100,2),0) -> 19.59 | AF20: =IFERROR(ROUND($AC20/S20*100,2),0) -> 17.06 | AK20: 10 | AL20: =IFERROR(ROUND(E20*AK20*1.84*(I20/60)*0.01,2),0) -> 2.26 | AM20: =AM19+AL20 -> 69.76 | AN20: 17.1 | AO20: =IFERROR(ROUND(E20*AN20*1.84*(I20/60)*0.01,2),"0") -> 3.87 | AP20: =AP19+AO20 -> 119.29
A21: 45932 | B21: 16 | C21: 0.27083333 | D21: =D20+C21 -> 4.1611111 | E21: 17.334862 | F21: 10.1 | G21: 14.9 | H21: 17.1 | I21: 108.83333 | J21: =IFERROR(ROUND(E21*F21*1.84*(I21/60)*0.01,2),0) -> 5.84 | K21: =IFERROR(ROUND(E21*G21*1.84*(I21/60)*0.01,2),0) -> 8.62 | L21: =IFERROR(ROUND(E21*H21*1.84*(I21/60)*0.01,2),0) -> 9.89 | M21: 9.4954128 | N21: 0.00086227829 | O21: 108.83333 | P21: =ROUND(M21*N21*1.84*(O21/60)*0.01,5) -> 0.00027 | Q21: =IFERROR(J21-$P21,0) -> 5.83973 | R21: =IFERROR(K21-$P21,0) -> 8.61973 | S21: =IFERROR(L21-$P21,0) -> 9.88973 | T21: =T20+Q21 -> 76.29523 | U21: =U20+R21 -> 112.56523 | V21: =V20+S21 -> 129.17523 | W21: =IFERROR(ROUND(Q21/J21*100,2),0) -> 100 | X21: =IFERROR(ROUND(R21/K21*100,2),0) -> 100 | Y21: =IFERROR(ROUND(S21/L21*100,2),0) -> 100 | Z21: 0.46010929 | AA21: 53.88 | AB21: 60.833333 | AC21: =ROUND(Z21*AA21*1.84*(AB21/60)*0.01,2) -> 0.46 | AD21: =IFERROR(ROUND($AC21/Q21*100,2),0) -> 7.88 | AE21: =IFERROR(ROUND($AC21/R21*100,2),0) -> 5.34 | AF21: =IFERROR(ROUND($AC21/S21*100,2),0) -> 4.65 | AK21: 10 | AL21: =IFERROR(ROUND(E21*AK21*1.84*(I21/60)*0.01,2),0) -> 5.79 | AM21: =AM20+AL21 -> 75.55 | AN21: 17.1 | AO21: =IFERROR(ROUND(E21*AN21*1.84*(I21/60)*0.01,2),"0") -> 9.89 | AP21: =AP20+AO21 -> 129.18
A22: 45936 | B22: 17 | C22: 0.18472222 | D22: =D21+C22 -> 4.3458333 | E22: - | F22: 10.1 | G22: 14.9 | H22: 17.1 | I22: - | J22: =IFERROR(ROUND(E22*F22*1.84*(I22/60)*0.01,2),0) -> 0 | K22: =IFERROR(ROUND(E22*G22*1.84*(I22/60)*0.01,2),0) -> 0 | L22: =IFERROR(ROUND(E22*H22*1.84*(I22/60)*0.01,2),0) -> 0 | M22: - | N22: - | O22: - | P22: - | Q22: =IFERROR(J22-$P22,0) -> 0 | R22: =IFERROR(K22-$P22,0) -> 0 | S22: =IFERROR(L22-$P22,0) -> 0 | T22: =T21+Q22 -> 76.29523 | U22: =U21+R22 -> 112.56523 | V22: =V21+S22 -> 129.17523 | W22: - | X22: - | Y22: - | Z22: 0.36491935 | AA22: 53.88 | AB22: 61.833333 | AC22: =ROUND(Z22*AA22*1.84*(AB22/60)*0.01,2) -> 0.37 | AD22: =IFERROR(ROUND($AC22/Q22*100,2),0) -> 0 | AE22: =IFERROR(ROUND($AC22/R22*100,2),0) -> 0 | AF22: =IFERROR(ROUND($AC22/S22*100,2),0) -> 0 | AK22: 10 | AL22: =IFERROR(ROUND(E22*AK22*1.84*(I22/60)*0.01,2),0) -> 0 | AM22: =AM21+AL22 -> 75.55 | AN22: 17.1 | AO22: =IFERROR(ROUND(E22*AN22*1.84*(I22/60)*0.01,2),"0") -> 0 | AP22: =AP21+AO22 -> 129.18
A23: 45939 | B23: 18 | C23: 0.24166667 | D23: =D22+C23 -> 4.5875 | E23: 16.920426 | F23: 10.1 | G23: 14.9 | H23: 17.1 | I23: 78.166667 | J23: =IFERROR(ROUND(E23*F23*1.84*(I23/60)*0.01,2),0) -> 4.1 | K23: =IFERROR(ROUND(E23*G23*1.84*(I23/60)*0.01,2),0) -> 6.04 | L23: =IFERROR(ROUND(E23*H23*1.84*(I23/60)*0.01,2),0) -> 6.94 | M23: 14.8 | N23: 0.0020828723 | O23: 78.166667 | P23: =ROUND(M23*N23*1.84*(O23/60)*0.01,5) -> 0.00074 | Q23: =IFERROR(J23-$P23,0) -> 4.09926 | R23: =IFERROR(K23-$P23,0) -> 6.03926 | S23: =IFERROR(L23-$P23,0) -> 6.93926 | T23: =T22+Q23 -> 80.39449 | U23: =U22+R23 -> 118.60449 | V23: =V22+S23 -> 136.11449 | W23: =IFERROR(ROUND(Q23/J23*100,2),0) -> 99.98 | X23: =IFERROR(ROUND(R23/K23*100,2),0) -> 99.99 | Y23: =IFERROR(ROUND(S23/L23*100,2),0) -> 99.99 | Z23: 0.58185792 | AA23: 53.88 | AB23: 60.833333 | AC23: =ROUND(Z23*AA23*1.84*(AB23/60)*0.01,2) -> 0.58 | AD23: =IFERROR(ROUND($AC23/Q23*100,2),0) -> 14.15 | AE23: =IFERROR(ROUND($AC23/R23*100,2),0) -> 9.6 | AF23: =IFERROR(ROUND($AC23/S23*100,2),0) -> 8.36 | AK23: 10 | AL23: =IFERROR(ROUND(E23*AK23*1.84*(I23/60)*0.01,2),0) -> 4.06 | AM23: =AM22+AL23 -> 79.61 | AN23: 17.1 | AO23: =IFERROR(ROUND(E23*AN23*1.84*(I23/60)*0.01,2),"0") -> 6.94 | AP23: =AP22+AO23 -> 136.12
A24: 45940 | B24: 19 | C24: 0.22291667 | D24: =D23+C24 -> 4.8104167 | E24: 18.121246 | F24: 10.1 | G24: 14.9 | H24: 17.1 | I24: 58.666667 | J24: =IFERROR(ROUND(E24*F24*1.84*(I24/60)*0.01,2),0) -> 3.29 | K24: =IFERROR(ROUND(E24*G24*1.84*(I24/60)*0.01,2),0) -> 4.86 | L24: =IFERROR(ROUND(E24*H24*1.84*(I24/60)*0.01,2),0) -> 5.57 | M24: 10.065156 | N24: 0.0036769688 | O24: 58.666667 | P24: =ROUND(M24*N24*1.84*(O24/60)*0.01,5) -> 0.00067 | Q24: =IFERROR(J24-$P24,0) -> 3.28933 | R24: =IFERROR(K24-$P24,0) -> 4.85933 | S24: =IFERROR(L24-$P24,0) -> 5.56933 | T24: =T23+Q24 -> 83.68382 | U24: =U23+R24 -> 123.46382 | V24: =V23+S24 -> 141.68382 | W24: =IFERROR(ROUND(Q24/J24*100,2),0) -> 99.98 | X24: =IFERROR(ROUND(R24/K24*100,2),0) -> 99.99 | Y24: =IFERROR(ROUND(S24/L24*100,2),0) -> 99.99 | Z24: 0.62551913 | AA24: 53.88 | AB24: 60.833333 | AC24: =ROUND(Z24*AA24*1.84*(AB24/60)*0.01,2) -> 0.63 | AD24: =IFERROR(ROUND($AC24/Q24*100,2),0) -> 19.15 | AE24: =IFERROR(ROUND($AC24/R24*100,2),0) -> 12.96 | AF24: =IFERROR(ROUND($AC24/S24*100,2),0) -> 11.31 | AK24: 10 | AL24: =IFERROR(ROUND(E24*AK24*1.84*(I24/60)*0.01,2),0) -> 3.26 | AM24: =AM23+AL24 -> 82.87 | AN24: 17.1 | AO24: =IFERROR(ROUND(E24*AN24*1.84*(I24/60)*0.01,2),"0") -> 5.57 | AP24: =AP23+AO24 -> 141.69
A25: 45944 | B25: 20 | C25: 0.21666667 | D25: =D24+C25 -> 5.0270833 | E25: 19.648563 | F25: 10.1 | G25: 14.9 | H25: 17.1 | I25: 110 | J25: =IFERROR(ROUND(E25*F25*1.84*(I25/60)*0.01,2),0) -> 6.69 | K25: =IFERROR(ROUND(E25*G25*1.84*(I25/60)*0.01,2),0) -> 9.88 | L25: =IFERROR(ROUND(E25*H25*1.84*(I25/60)*0.01,2),0) -> 11.33 | M25: 14.8 | N25: 0.0013656884 | O25: 110 | P25: =ROUND(M25*N25*1.84*(O25/60)*0.01,5) -> 0.00068 | Q25: =IFERROR(J25-$P25,0) -> 6.68932 | R25: =IFERROR(K25-$P25,0) -> 9.87932 | S25: =IFERROR(L25-$P25,0) -> 11.32932 | T25: =T24+Q25 -> 90.37314 | U25: =U24+R25 -> 133.34314 | V25: =V24+S25 -> 153.01314 | W25: =IFERROR(ROUND(Q25/J25*100,2),0) -> 99.99 | X25: =IFERROR(ROUND(R25/K25*100,2),0) -> 99.99 | Y25: =IFERROR(ROUND(S25/L25*100,2),0) -> 99.99 | Z25: 0.43521858 | AA25: 53.88 | AB25: 60.833333 | AC25: =ROUND(Z25*AA25*1.84*(AB25/60)*0.01,2) -> 0.44 | AD25: =IFERROR(ROUND($AC25/Q25*100,2),0) -> 6.58 | AE25: =IFERROR(ROUND($AC25/R25*100,2),0) -> 4.45 | AF25: =IFERROR(ROUND($AC25/S25*100,2),0) -> 3.88 | AK25: 10 | AL25: =IFERROR(ROUND(E25*AK25*1.84*(I25/60)*0.01,2),0) -> 6.63 | AM25: =AM24+AL25 -> 89.5 | AN25: 17.1 | AO25: =IFERROR(ROUND(E25*AN25*1.84*(I25/60)*0.01,2),"0") -> 11.33 | AP25: =AP24+AO25 -> 153.02
A26: 45945 | B26: 21 | C26: 0.17777778 | D26: =D25+C26 -> 5.2048611 | E26: 18.712803 | F26: 10.1 | G26: 14.9 | H26: 17.1 | I26: 48 | J26: =IFERROR(ROUND(E26*F26*1.84*(I26/60)*0.01,2),0) -> 2.78 | K26: =IFERROR(ROUND(E26*G26*1.84*(I26/60)*0.01,2),0) -> 4.1 | L26: =IFERROR(ROUND(E26*H26*1.84*(I26/60)*0.01,2),0) -> 4.71 | M26: 14.8 | N26: 0.0099696194 | O26: 48 | P26: =ROUND(M26*N26*1.84*(O26/60)*0.01,5) -> 0.00217 | Q26: =IFERROR(J26-$P26,0) -> 2.77783 | R26: =IFERROR(K26-$P26,0) -> 4.09783 | S26: =IFERROR(L26-$P26,0) -> 4.70783 | T26: =T25+Q26 -> 93.15097 | U26: =U25+R26 -> 137.44097 | V26: =V25+S26 -> 157.72097 | W26: =IFERROR(ROUND(Q26/J26*100,2),0) -> 99.92 | X26: =IFERROR(ROUND(R26/K26*100,2),0) -> 99.95 | Y26: =IFERROR(ROUND(S26/L26*100,2),0) -> 99.95 | Z26: 0.44204918 | AA26: 53.88 | AB26: 60.833333 | AC26: =ROUND(Z26*AA26*1.84*(AB26/60)*0.01,2) -> 0.44 | AD26: =IFERROR(ROUND($AC26/Q26*100,2),0) -> 15.84 | AE26: =IFERROR(ROUND($AC26/R26*100,2),0) -> 10.74 | AF26: =IFERROR(ROUND($AC26/S26*100,2),0) -> 9.35 | AK26: 10 | AL26: =IFERROR(ROUND(E26*AK26*1.84*(I26/60)*0.01,2),0) -> 2.75 | AM26: =AM25+AL26 -> 92.25 | AN26: 17.1 | AO26: =IFERROR(ROUND(E26*AN26*1.84*(I26/60)*0.01,2),"0") -> 4.71 | AP26: =AP25+AO26 -> 157.73
A27: 45946 | B27: 22 | C27: 0.20486111 | D27: =D26+C27 -> 5.4097222 | E27: 18.3 | F27: 10.1 | G27: 14.9 | H27: 17.1 | I27: 40.166667 | J27: =IFERROR(ROUND(E27*F27*1.84*(I27/60)*0.01,2),0) -> 2.28 | K27: =IFERROR(ROUND(E27*G27*1.84*(I27/60)*0.01,2),0) -> 3.36 | L27: =IFERROR(ROUND(E27*H27*1.84*(I27/60)*0.01,2),0) -> 3.85 | M27: 11.938017 | N27: 0.0014825207 | O27: 40.166667 | P27: =ROUND(M27*N27*1.84*(O27/60)*0.01,5) -> 0.00022 | Q27: =IFERROR(J27-$P27,0) -> 2.27978 | R27: =IFERROR(K27-$P27,0) -> 3.35978 | S27: =IFERROR(L27-$P27,0) -> 3.84978 | T27: =T26+Q27 -> 95.43075 | U27: =U26+R27 -> 140.80075 | V27: =V26+S27 -> 161.57075 | W27: =IFERROR(ROUND(Q27/J27*100,2),0) -> 99.99 | X27: =IFERROR(ROUND(R27/K27*100,2),0) -> 99.99 | Y27: =IFERROR(ROUND(S27/L27*100,2),0) -> 99.99 | Z27: 0.53855191 | AA27: 53.88 | AB27: 60.833333 | AC27: =ROUND(Z27*AA27*1.84*(AB27/60)*0.01,2) -> 0.54 | AD27: =IFERROR(ROUND($AC27/Q27*100,2),0) -> 23.69 | AE27: =IFERROR(ROUND($AC27/R27*100,2),0) -> 16.07 | AF27: =IFERROR(ROUND($AC27/S27*100,2),0) -> 14.03 | AK27: 10 | AL27: =IFERROR(ROUND(E27*AK27*1.84*(I27/60)*0.01,2),0) -> 2.25 | AM27: =AM26+AL27 -> 94.5 | AN27: 17.1 | AO27: =IFERROR(ROUND(E27*AN27*1.84*(I27/60)*0.01,2),"0") -> 3.85 | AP27: =AP26+AO27 -> 161.58
A28: 45947 | B28: 23 | C28: 0.21597222 | D28: =D27+C28 -> 5.6256944 | E28: 25.425342 | F28: 10.1 | G28: 14.9 | H28: 17.1 | I28: 48.5 | J28: =IFERROR(ROUND(E28*F28*1.84*(I28/60)*0.01,2),0) -> 3.82 | K28: =IFERROR(ROUND(E28*G28*1.84*(I28/60)*0.01,2),0) -> 5.63 | L28: =IFERROR(ROUND(E28*H28*1.84*(I28/60)*0.01,2),0) -> 6.47 | M28: 10.1 | N28: 0.0019673288 | O28: 48.5 | P28: =ROUND(M28*N28*1.84*(O28/60)*0.01,5) -> 0.0003 | Q28: =IFERROR(J28-$P28,0) -> 3.8197 | R28: =IFERROR(K28-$P28,0) -> 5.6297 | S28: =IFERROR(L28-$P28,0) -> 6.4697 | T28: =T27+Q28 -> 99.25045 | U28: =U27+R28 -> 146.43045 | V28: =V27+S28 -> 168.04045 | W28: =IFERROR(ROUND(Q28/J28*100,2),0) -> 99.99 | X28: =IFERROR(ROUND(R28/K28*100,2),0) -> 99.99 | Y28: =IFERROR(ROUND(S28/L28*100,2),0) -> 100 | Z28: 0.51671717 | AA28: 53.88 | AB28: 60.833333 | AC28: =ROUND(Z28*AA28*1.84*(AB28/60)*0.01,2) -> 0.52 | AD28: =IFERROR(ROUND($AC28/Q28*100,2),0) -> 13.61 | AE28: =IFERROR(ROUND($AC28/R28*100,2),0) -> 9.24 | AF28: =IFERROR(ROUND($AC28/S28*100,2),0) -> 8.04 | AK28: 10 | AL28: =IFERROR(ROUND(E28*AK28*1.84*(I28/60)*0.01,2),0) -> 3.78 | AM28: =AM27+AL28 -> 98.28 | AN28: 17.1 | AO28: =IFERROR(ROUND(E28*AN28*1.84*(I28/60)*0.01,2),"0") -> 6.47 | AP28: =AP27+AO28 -> 168.05
A29: 45950 | B29: 24 | C29: 0.22777778 | D29: =D28+C29 -> 5.8534722 | E29: 12.457407 | F29: 10.1 | G29: 14.9 | H29: 17.1 | I29: 53.833333 | J29: =IFERROR(ROUND(E29*F29*1.84*(I29/60)*0.01,2),0) -> 2.08 | K29: =IFERROR(ROUND(E29*G29*1.84*(I29/60)*0.01,2),0) -> 3.06 | L29: =IFERROR(ROUND(E29*H29*1.84*(I29/60)*0.01,2),0) -> 3.52 | M29: 14.8 | N29: 0.0063147222 | O29: 53.833333 | P29: =ROUND(M29*N29*1.84*(O29/60)*0.01,5) -> 0.00154 | Q29: =IFERROR(J29-$P29,0) -> 2.07846 | R29: =IFERROR(K29-$P29,0) -> 3.05846 | S29: =IFERROR(L29-$P29,0) -> 3.51846 | T29: =T28+Q29 -> 101.32891 | U29: =U28+R29 -> 149.48891 | V29: =V28+S29 -> 171.55891 | W29: =IFERROR(ROUND(Q29/J29*100,2),0) -> 99.93 | X29: =IFERROR(ROUND(R29/K29*100,2),0) -> 99.95 | Y29: =IFERROR(ROUND(S29/L29*100,2),0) -> 99.96 | Z29: 0.22681818 | AA29: 53.88 | AB29: 65.833333 | AC29: =ROUND(Z29*AA29*1.84*(AB29/60)*0.01,2) -> 0.25 | AD29: =IFERROR(ROUND($AC29/Q29*100,2),0) -> 12.03 | AE29: =IFERROR(ROUND($AC29/R29*100,2),0) -> 8.17 | AF29: =IFERROR(ROUND($AC29/S29*100,2),0) -> 7.11 | AK29: 10 | AL29: =IFERROR(ROUND(E29*AK29*1.84*(I29/60)*0.01,2),0) -> 2.06 | AM29: =AM28+AL29 -> 100.34 | AN29: 17.1 | AO29: =IFERROR(ROUND(E29*AN29*1.84*(I29/60)*0.01,2),"0") -> 3.52 | AP29: =AP28+AO29 -> 171.57
A30: 45951 | B30: 25 | C30: 0.2125 | D30: =D29+C30 -> 6.0659722 | E30: 18.2891 | F30: 10.1 | G30: 14.9 | H30: 17.1 | I30: 35 | J30: =IFERROR(ROUND(E30*F30*1.84*(I30/60)*0.01,2),0) -> 1.98 | K30: =IFERROR(ROUND(E30*G30*1.84*(I30/60)*0.01,2),0) -> 2.92 | L30: =IFERROR(ROUND(E30*H30*1.84*(I30/60)*0.01,2),0) -> 3.36 | M30: 14.9 | N30: 0.0010243128 | O30: 35 | P30: =ROUND(M30*N30*1.84*(O30/60)*0.01,5) -> 0.00016 | Q30: =IFERROR(J30-$P30,0) -> 1.97984 | R30: =IFERROR(K30-$P30,0) -> 2.91984 | S30: =IFERROR(L30-$P30,0) -> 3.35984 | T30: =T29+Q30 -> 103.30875 | U30: =U29+R30 -> 152.40875 | V30: =V29+S30 -> 174.91875 | W30: =IFERROR(ROUND(Q30/J30*100,2),0) -> 99.99 | X30: =IFERROR(ROUND(R30/K30*100,2),0) -> 99.99 | Y30: =IFERROR(ROUND(S30/L30*100,2),0) -> 100 | Z30: 0.20186567 | AA30: 53.88 | AB30: 66.833333 | AC30: =ROUND(Z30*AA30*1.84*(AB30/60)*0.01,2) -> 0.22 | AD30: =IFERROR(ROUND($AC30/Q30*100,2),0) -> 11.11 | AE30: =IFERROR(ROUND($AC30/R30*100,2),0) -> 7.53 | AF30: =IFERROR(ROUND($AC30/S30*100,2),0) -> 6.55 | AK30: 10 | AL30: =IFERROR(ROUND(E30*AK30*1.84*(I30/60)*0.01,2),0) -> 1.96 | AM30: =AM29+AL30 -> 102.3 | AN30: 17.1 | AO30: =IFERROR(ROUND(E30*AN30*1.84*(I30/60)*0.01,2),"0") -> 3.36 | AP30: =AP29+AO30 -> 174.93
A31: 45954 | B31: 26 | C31: 0.23958333 | D31: =D30+C31 -> 6.3055556 | E31: 19.088073 | F31: 10.1 | G31: 14.9 | H31: 17.1 | I31: 36.166667 | J31: =IFERROR(ROUND(E31*F31*1.84*(I31/60)*0.01,2),0) -> 2.14 | K31: =IFERROR(ROUND(E31*G31*1.84*(I31/60)*0.01,2),0) -> 3.15 | L31: =IFERROR(ROUND(E31*H31*1.84*(I31/60)*0.01,2),0) -> 3.62 | M31: 14.92844 | N31: 0.0013537615 | O31: 36.166667 | P31: =ROUND(M31*N31*1.84*(O31/60)*0.01,5) -> 0.00022 | Q31: =IFERROR(J31-$P31,0) -> 2.13978 | R31: =IFERROR(K31-$P31,0) -> 3.14978 | S31: =IFERROR(L31-$P31,0) -> 3.61978 | T31: =T30+Q31 -> 105.44853 | U31: =U30+R31 -> 155.55853 | V31: =V30+S31 -> 178.53853 | W31: =IFERROR(ROUND(Q31/J31*100,2),0) -> 99.99 | X31: =IFERROR(ROUND(R31/K31*100,2),0) -> 99.99 | Y31: =IFERROR(ROUND(S31/L31*100,2),0) -> 99.99 | Z31: 0.2245082 | AA31: 53.88 | AB31: 60.833333 | AC31: =ROUND(Z31*AA31*1.84*(AB31/60)*0.01,2) -> 0.23 | AD31: =IFERROR(ROUND($AC31/Q31*100,2),0) -> 10.75 | AE31: =IFERROR(ROUND($AC31/R31*100,2),0) -> 7.3 | AF31: =IFERROR(ROUND($AC31/S31*100,2),0) -> 6.35 | AK31: 10 | AL31: =IFERROR(ROUND(E31*AK31*1.84*(I31/60)*0.01,2),0) -> 2.12 | AM31: =AM30+AL31 -> 104.42 | AN31: 17.1 | AO31: =IFERROR(ROUND(E31*AN31*1.84*(I31/60)*0.01,2),"0") -> 3.62 | AP31: =AP30+AO31 -> 178.55
A32: 45957 | B32: 27 | C32: 0.19930556 | D32: =D31+C32 -> 6.5048611 | E32: 24.775 | F32: 10.1 | G32: 14.9 | H32: 17.1 | I32: 27.833333 | J32: =IFERROR(ROUND(E32*F32*1.84*(I32/60)*0.01,2),0) -> 2.14 | K32: =IFERROR(ROUND(E32*G32*1.84*(I32/60)*0.01,2),0) -> 3.15 | L32: =IFERROR(ROUND(E32*H32*1.84*(I32/60)*0.01,2),0) -> 3.62 | M32: 15.1 | N32: 0.0007927381 | O32: 27.833333 | P32: =ROUND(M32*N32*1.84*(O32/60)*0.01,5) -> 0.0001 | Q32: =IFERROR(J32-$P32,0) -> 2.1399 | R32: =IFERROR(K32-$P32,0) -> 3.1499 | S32: =IFERROR(L32-$P32,0) -> 3.6199 | T32: =T31+Q32 -> 107.58843 | U32: =U31+R32 -> 158.70843 | V32: =V31+S32 -> 182.15843 | W32: =IFERROR(ROUND(Q32/J32*100,2),0) -> 100 | X32: =IFERROR(ROUND(R32/K32*100,2),0) -> 100 | Y32: =IFERROR(ROUND(S32/L32*100,2),0) -> 100 | Z32: 0.2 | AA32: 53.88 | AB32: 60.833333 | AC32: =ROUND(Z32*AA32*1.84*(AB32/60)*0.01,2) -> 0.2 | AD32: =IFERROR(ROUND($AC32/Q32*100,2),0) -> 9.35 | AE32: =IFERROR(ROUND($AC32/R32*100,2),0) -> 6.35 | AF32: =IFERROR(ROUND($AC32/S32*100,2),0) -> 5.53 | AK32: 10 | AL32: =IFERROR(ROUND(E32*AK32*1.84*(I32/60)*0.01,2),0) -> 2.11 | AM32: =AM31+AL32 -> 106.53 | AN32: 17.1 | AO32: =IFERROR(ROUND(E32*AN32*1.84*(I32/60)*0.01,2),"0") -> 3.62 | AP32: =AP31+AO32 -> 182.17
A33: 45958 | B33: 28 | C33: 0.22083333 | D33: =D32+C33 -> 6.7256944 | E33: 24.95 | F33: 10.1 | G33: 14.9 | H33: 17.1 | I33: 27.833333 | J33: =IFERROR(ROUND(E33*F33*1.84*(I33/60)*0.01,2),0) -> 2.15 | K33: =IFERROR(ROUND(E33*G33*1.84*(I33/60)*0.01,2),0) -> 3.17 | L33: =IFERROR(ROUND(E33*H33*1.84*(I33/60)*0.01,2),0) -> 3.64 | M33: 15.1 | N33: 0.0011010714 | O33: 27.833333 | P33: =ROUND(M33*N33*1.84*(O33/60)*0.01,5) -> 0.00014 | Q33: =IFERROR(J33-$P33,0) -> 2.14986 | R33: =IFERROR(K33-$P33,0) -> 3.16986 | S33: =IFERROR(L33-$P33,0) -> 3.63986 | T33: =T32+Q33 -> 109.73829 | U33: =U32+R33 -> 161.87829 | V33: =V32+S33 -> 185.79829 | W33: =IFERROR(ROUND(Q33/J33*100,2),0) -> 99.99 | X33: =IFERROR(ROUND(R33/K33*100,2),0) -> 100 | Y33: =IFERROR(ROUND(S33/L33*100,2),0) -> 100 | Z33: 0.25296875 | AA33: 53.88 | AB33: 63.833333 | AC33: =ROUND(Z33*AA33*1.84*(AB33/60)*0.01,2) -> 0.27 | AD33: =IFERROR(ROUND($AC33/Q33*100,2),0) -> 12.56 | AE33: =IFERROR(ROUND($AC33/R33*100,2),0) -> 8.52 | AF33: =IFERROR(ROUND($AC33/S33*100,2),0) -> 7.42 | AK33: 10 | AL33: =IFERROR(ROUND(E33*AK33*1.84*(I33/60)*0.01,2),0) -> 2.13 | AM33: =AM32+AL33 -> 108.66 | AN33: 17.1 | AO33: =IFERROR(ROUND(E33*AN33*1.84*(I33/60)*0.01,2),"0") -> 3.64 | AP33: =AP32+AO33 -> 185.81
A34: 45959 | B34: 29 | C34: 0.25486111 | D34: =D33+C34 -> 6.9805556 | E34: 24.490909 | F34: 10.1 | G34: 14.9 | H34: 17.1 | I34: 80.5 | J34: =IFERROR(ROUND(E34*F34*1.84*(I34/60)*0.01,2),0) -> 6.11 | K34: =IFERROR(ROUND(E34*G34*1.84*(I34/60)*0.01,2),0) -> 9.01 | L34: =IFERROR(ROUND(E34*H34*1.84*(I34/60)*0.01,2),0) -> 10.34 | M34: 15.1 | N34: 0.0062030992 | O34: 80.5 | P34: =ROUND(M34*N34*1.84*(O34/60)*0.01,5) -> 0.00231 | Q34: =IFERROR(J34-$P34,0) -> 6.10769 | R34: =IFERROR(K34-$P34,0) -> 9.00769 | S34: =IFERROR(L34-$P34,0) -> 10.33769 | T34: =T33+Q34 -> 115.84598 | U34: =U33+R34 -> 170.88598 | V34: =V33+S34 -> 196.13598 | W34: =IFERROR(ROUND(Q34/J34*100,2),0) -> 99.96 | X34: =IFERROR(ROUND(R34/K34*100,2),0) -> 99.97 | Y34: =IFERROR(ROUND(S34/L34*100,2),0) -> 99.98 | Z34: 0.2 | AA34: 53.88 | AB34: 60.833333 | AC34: =ROUND(Z34*AA34*1.84*(AB34/60)*0.01,2) -> 0.2 | AD34: =IFERROR(ROUND($AC34/Q34*100,2),0) -> 3.27 | AE34: =IFERROR(ROUND($AC34/R34*100,2),0) -> 2.22 | AF34: =IFERROR(ROUND($AC34/S34*100,2),0) -> 1.93 | AK34: 10 | AL34: =IFERROR(ROUND(E34*AK34*1.84*(I34/60)*0.01,2),0) -> 6.05 | AM34: =AM33+AL34 -> 114.71 | AN34: 17.1 | AO34: =IFERROR(ROUND(E34*AN34*1.84*(I34/60)*0.01,2),"0") -> 10.34 | AP34: =AP33+AO34 -> 196.15
A35: 45960 | B35: 30 | C35: 0.18958333 | D35: =D34+C35 -> 7.1701389 | E35: 26.544 | F35: 10.1 | G35: 14.9 | H35: 17.1 | I35: 24.833333 | J35: =IFERROR(ROUND(E35*F35*1.84*(I35/60)*0.01,2),0) -> 2.04 | K35: =IFERROR(ROUND(E35*G35*1.84*(I35/60)*0.01,2),0) -> 3.01 | L35: =IFERROR(ROUND(E35*H35*1.84*(I35/60)*0.01,2),0) -> 3.46 | M35: 15.1 | N35: 0.0013751333 | O35: 24.833333 | P35: =ROUND(M35*N35*1.84*(O35/60)*0.01,5) -> 0.00016 | Q35: =IFERROR(J35-$P35,0) -> 2.03984 | R35: =IFERROR(K35-$P35,0) -> 3.00984 | S35: =IFERROR(L35-$P35,0) -> 3.45984 | T35: =T34+Q35 -> 117.88582 | U35: =U34+R35 -> 173.89582 | V35: =V34+S35 -> 199.59582 | W35: =IFERROR(ROUND(Q35/J35*100,2),0) -> 99.99 | X35: =IFERROR(ROUND(R35/K35*100,2),0) -> 99.99 | Y35: =IFERROR(ROUND(S35/L35*100,2),0) -> 100 | Z35: 0.20013661 | AA35: 53.88 | AB35: 60.833333 | AC35: =ROUND(Z35*AA35*1.84*(AB35/60)*0.01,2) -> 0.2 | AD35: =IFERROR(ROUND($AC35/Q35*100,2),0) -> 9.8 | AE35: =IFERROR(ROUND($AC35/R35*100,2),0) -> 6.64 | AF35: =IFERROR(ROUND($AC35/S35*100,2),0) -> 5.78 | AK35: 10 | AL35: =IFERROR(ROUND(E35*AK35*1.84*(I35/60)*0.01,2),0) -> 2.02 | AM35: =AM34+AL35 -> 116.73 | AN35: 17.1 | AO35: =IFERROR(ROUND(E35*AN35*1.84*(I35/60)*0.01,2),"0") -> 3.46 | AP35: =AP34+AO35 -> 199.61
A36: Total | C36: =AVERAGE(C6:C35) -> 0.23900463 | D36: =D35 -> 7.1701389 | J36: =SUM(J6:J35) -> 117.9 | K36: =SUM(K6:K35) -> 173.91 | L36: =SUM(L6:L35) -> 199.61 | P36: =SUM(P6:P35) -> 0.01418 | Q36: =SUM(Q6:Q35) -> 117.88582 | R36: =SUM(R6:R35) -> 173.89582 | S36: =SUM(S6:S35) -> 199.59582 | W36: =ROUND(AVERAGE(W6:W35),2) -> 99.99 | X36: =ROUND(AVERAGE(X6:X35),2) -> 99.99 | Y36: =ROUND(AVERAGE(Y6:Y35),2) -> 99.99 | AC36: =SUM(AC6:AC35) -> 15.25 | AD36: =ROUND(AVERAGE(AD6:AD35),2) -> 12.63 | AE36: =ROUND(AVERAGE(AE6:AE35),2) -> 8.56 | AF36: =ROUND(AVERAGE(AF6:AF35),2) -> 7.46 | AK36: Total | AL36: =SUM(AL6:AL35) -> 116.73 | AO36: =SUM(AO6:AO35) -> 199.61

Sheet Reserved
B2: Gen 1 +2 | I2: Gen 1 + Gen1,2
B21: Operating Hours | C21: Hours | G21: CO₂ Captured | H21: Kg
B22: Gen 1 | C22: =#REF! -> #REF! | G22: Gen 1 | H22: =#REF! -> #REF!
B23: Gen 1+2 | C23: ='Run 2 Gen 1+2'!C43 -> 0.2338633 | G23: Gen 1+2 | H23: ='Run 2 Gen 1+2'!M43 -> 0
B24: Total | C24: =SUM(C22:C23) -> #REF! | G24: Total | H24: =SUM(H22:H23) -> #REF!
